LOCATION,INDICATOR,,FREQUENCY,TIME,Flag Codes,Tons of Beef,Beef kg/cap,Tons of Pork,Pork kg/cap,Tons of Poultry,Poultry kg/cap,Tons of Sheep,Sheep kg/cap
ARG,MEATCONSUMP,,A,1990,,2588.922,55.559,153.631,3.674,321,8.66,84.597,2.282
ARG,MEATCONSUMP,,A,1991,,2448.667,51.817,153.161,3.612,333.8,8.88,88.231,2.347
ARG,MEATCONSUMP,,A,1992,,2441.882,50.98,192.864,4.487,382.04,10.027,72.156,1.894
ARG,MEATCONSUMP,,A,1993,,2507.867,51.678,211.257,4.851,596.1,15.442,72.133,1.869
ARG,MEATCONSUMP,,A,1994,,2388.224,48.594,213.326,4.837,719.01,18.392,92.807,2.374
ARG,MEATCONSUMP,,A,1995,,2173.938,43.693,227.095,5.086,738.595,18.662,88.377,2.233
ARG,MEATCONSUMP,,A,1996,,2226.499,44.219,220.9,4.889,786.219,19.63,71.567,1.787
ARG,MEATCONSUMP,,A,1997,,2285.148,44.86,217,4.747,770.086,19.005,65.847,1.625
ARG,MEATCONSUMP,,A,1998,,2144.908,41.633,253.12,5.475,811.557,19.803,58.239,1.421
ARG,MEATCONSUMP,,A,1999,,2383.908,45.76,287.452,6.148,954.823,23.041,55.352,1.336
ARG,MEATCONSUMP,,A,2000,,2385.107,45.282,283.104,5.989,959.578,22.902,59.164,1.412
ARG,MEATCONSUMP,,A,2001,,2342.406,43.988,228.557,4.783,932.888,22.024,59.153,1.397
ARG,MEATCONSUMP,,A,2002,,2180.404,40.505,214.715,4.445,660.456,15.424,58.38,1.363
ARG,MEATCONSUMP,,A,2003,,2277.857,41.864,192.947,3.951,697.746,16.121,56.665,1.309
ARG,MEATCONSUMP,,A,2004,,2403.58,43.711,209.955,4.255,826.192,18.888,55.104,1.26
ARG,MEATCONSUMP,,A,2005,,2379.357,42.824,240.605,4.825,934.525,21.145,52.502,1.188
ARG,MEATCONSUMP,,A,2006,,2475.541,44.105,298.71,5.93,1086.653,24.338,51.653,1.157
ARG,MEATCONSUMP,,A,2007,,2687.746,47.41,307.536,6.045,1160.856,25.742,53.059,1.177
ARG,MEATCONSUMP,,A,2008,,2705.482,47.251,304.846,5.933,1273.18,27.954,50.21,1.102
ARG,MEATCONSUMP,,A,2009,,2715.874,46.961,332.953,6.415,1367.82,29.733,47.773,1.039
ARG,MEATCONSUMP,,A,2010,,2314.788,39.622,321.78,6.137,1464.41,31.511,47.965,1.032
ARG,MEATCONSUMP,,A,2011,,2266.864,38.402,348.663,6.582,1643.89,35.01,51.034,1.087
ARG,MEATCONSUMP,,A,2012,,2414.409,40.476,355.2,6.635,1749.15,36.864,56.101,1.182
ARG,MEATCONSUMP,,A,2013,,2655.708,44.056,426.242,7.879,1711.1,35.685,55.215,1.152
ARG,MEATCONSUMP,,A,2014,,2494.649,40.956,438.752,8.026,1777.8,36.692,59.113,1.22
ARG,MEATCONSUMP,,A,2015,,2527.844,41.079,476.638,8.631,1921.4,39.253,56.136,1.147
ARG,MEATCONSUMP,,A,2016,,2426.619,39.042,539.605,9.674,1924.5,38.925,50.032,1.012
ARG,MEATCONSUMP,,A,2017,,2484,39.575,587,10.421,1914.4,38.343,48.354,0.969
ARG,MEATCONSUMP,,A,2018,,2464,38.881,628.692,11.054,1939,38.464,48.854,0.969
ARG,MEATCONSUMP,,A,2019,,2430,37.985,653,11.374,1929.665,37.921,49.354,0.97
AUS,MEATCONSUMP,,A,1990,,0,0,0,0,425.003,22.051,366.452,19.013
AUS,MEATCONSUMP,,A,1991,,686.147,27.942,319.998,14.521,436.571,22.35,379.246,19.415
AUS,MEATCONSUMP,,A,1992,,656.427,26.405,340.376,15.256,443.68,22.436,355.184,17.961
AUS,MEATCONSUMP,,A,1993,,663.141,26.37,340.375,15.082,476.22,23.807,349.866,17.49
AUS,MEATCONSUMP,,A,1994,,652.496,25.662,357.027,15.646,494.982,24.473,374.265,18.505
AUS,MEATCONSUMP,,A,1995,,656.123,25.526,361.071,15.652,495.162,24.217,309.057,15.115
AUS,MEATCONSUMP,,A,1996,,713.345,27.453,337.618,14.478,508.785,24.615,305.815,14.795
AUS,MEATCONSUMP,,A,1997,,761.754,29,350.254,14.858,538.887,25.791,314.725,15.063
AUS,MEATCONSUMP,,A,1998,,710.694,26.765,363.562,15.257,583.855,27.643,326.886,15.476
AUS,MEATCONSUMP,,A,1999,,754.07,28.095,365.969,15.193,597.853,28.002,325.594,15.25
AUS,MEATCONSUMP,,A,2000,,719.378,26.515,381.067,15.651,640.563,29.682,353.24,16.368
AUS,MEATCONSUMP,,A,2001,,674.711,24.606,366.46,14.892,637.465,29.225,326.689,14.977
AUS,MEATCONSUMP,,A,2002,,700.181,25.263,408.37,16.418,716.384,32.494,303.789,13.779
AUS,MEATCONSUMP,,A,2003,,727.715,25.958,442.616,17.593,700.391,31.407,271.012,12.153
AUS,MEATCONSUMP,,A,2004,,815.597,28.719,451.583,17.718,741.201,32.81,270.734,11.984
AUS,MEATCONSUMP,,A,2005,,783.783,27.19,487.989,18.863,781.743,34.092,274.981,11.992
AUS,MEATCONSUMP,,A,2006,,792.609,27.03,484.445,18.409,820.738,35.187,288.541,12.37
AUS,MEATCONSUMP,,A,2007,,722.101,24.166,542.241,20.221,826.416,34.769,299.167,12.587
AUS,MEATCONSUMP,,A,2008,,711.36,23.343,524.288,19.17,806.28,33.261,266.458,10.992
AUS,MEATCONSUMP,,A,2009,,728.772,23.454,550.576,19.744,829.954,33.578,255.413,10.334
AUS,MEATCONSUMP,,A,2010,,801.045,25.31,571.745,20.129,947.731,37.645,225.907,8.973
AUS,MEATCONSUMP,,A,2011,,749.784,23.287,563.032,19.486,1011.635,39.499,206.07,8.046
AUS,MEATCONSUMP,,A,2012,,734.056,22.435,602.02,20.502,1049.383,40.319,227.034,8.723
AUS,MEATCONSUMP,,A,2013,,788.813,23.744,593.293,19.9,1061.305,40.161,230.507,8.723
AUS,MEATCONSUMP,,A,2014,,761.393,22.587,610.312,20.174,1094.188,40.806,217.634,8.116
AUS,MEATCONSUMP,,A,2015,,701.529,20.519,667.964,21.77,1141.933,41.989,254.168,9.346
AUS,MEATCONSUMP,,A,2016,,674.949,19.473,665.656,21.4,1227.258,44.512,234.352,8.5
AUS,MEATCONSUMP,,A,2017,,746.355,21.251,695.361,22.062,1211.037,43.349,216.656,7.755
AUS,MEATCONSUMP,,A,2018,,710.146,19.965,682.955,21.395,1198.318,42.353,197.556,6.982
AUS,MEATCONSUMP,,A,2019,,709.223,19.698,654.379,20.252,1245.5,43.488,177,6.18
BRA,MEATCONSUMP,,A,1990,,4441.969,20.868,1062.5,5.562,2118.732,12.513,114.398,0.676
BRA,MEATCONSUMP,,A,1991,,4480.047,20.68,1111.6,5.718,2380.605,13.814,115.839,0.672
BRA,MEATCONSUMP,,A,1992,,4526.875,20.542,1148.8,5.809,2572.767,14.677,117.003,0.668
BRA,MEATCONSUMP,,A,1993,,4663.653,20.813,1207.3,6.004,2708.908,15.198,122.806,0.689
BRA,MEATCONSUMP,,A,1994,,5297.496,23.259,1268,6.204,3007.8,16.602,120.3,0.664
BRA,MEATCONSUMP,,A,1995,,5996.039,25.906,1404.1,6.76,3711.853,20.161,129.149,0.702
BRA,MEATCONSUMP,,A,1996,,6224.332,26.468,1545.3,7.322,3578.253,19.129,103.502,0.553
BRA,MEATCONSUMP,,A,1997,,5903.084,24.713,1459.943,6.81,3917.06,20.615,106.761,0.562
BRA,MEATCONSUMP,,A,1998,,5689.546,23.457,1572.929,7.226,4338.278,22.485,108.742,0.564
BRA,MEATCONSUMP,,A,1999,,6142.739,24.953,1600.715,7.246,4860.652,24.823,114.288,0.584
BRA,MEATCONSUMP,,A,2000,,6301.641,25.237,2411.059,10.759,5176.023,26.059,109.31,0.55
BRA,MEATCONSUMP,,A,2001,,6326.587,24.993,2498.141,10.997,5059.204,25.125,104.733,0.52
BRA,MEATCONSUMP,,A,2002,,6591.21,25.699,2419.18,10.51,5535.409,27.132,101.598,0.498
BRA,MEATCONSUMP,,A,2003,,7712.832,29.696,2234.046,9.585,5907.974,28.596,100.595,0.487
BRA,MEATCONSUMP,,A,2004,,7275.638,27.678,2142.913,9.084,6304.614,30.151,108.379,0.518
BRA,MEATCONSUMP,,A,2005,,7902.987,29.722,2123.527,8.899,5166.996,24.429,110.097,0.521
BRA,MEATCONSUMP,,A,2006,,8623.834,32.082,2452.498,10.166,5615.413,26.262,113.472,0.531
BRA,MEATCONSUMP,,A,2007,,8354.419,30.758,2436.801,9.997,5959.553,27.583,114.538,0.53
BRA,MEATCONSUMP,,A,2008,,7403.42,26.987,2547.631,10.348,6876.862,31.514,116.222,0.533
BRA,MEATCONSUMP,,A,2009,,7110.986,25.673,2648.022,10.653,6653.042,30.196,115.367,0.524
BRA,MEATCONSUMP,,A,2010,,7360.084,26.325,2762.815,11.011,8676.876,39.014,117.664,0.529
BRA,MEATCONSUMP,,A,2011,,7309.01,25.903,2949.965,11.65,9090.358,40.501,118.276,0.527
BRA,MEATCONSUMP,,A,2012,,7448.019,26.161,2981.47,11.669,9021.138,39.835,120.769,0.533
BRA,MEATCONSUMP,,A,2013,,7973.897,27.765,2971.85,11.531,8980.604,39.311,124.657,0.546
BRA,MEATCONSUMP,,A,2014,,7543.149,26.041,3200.516,12.312,9156.336,39.739,126.112,0.547
BRA,MEATCONSUMP,,A,2015,,7293.165,24.968,3194.714,12.187,9519.466,40.97,128.996,0.555
BRA,MEATCONSUMP,,A,2016,,7478.075,25.391,3092.877,11.702,9445.025,40.316,128.481,0.548
BRA,MEATCONSUMP,,A,2017,,7533.468,25.373,3237.152,12.149,9660.953,40.906,125.621,0.532
BRA,MEATCONSUMP,,A,2018,,7559.782,25.263,3413.437,12.711,9547.336,40.109,124.53,0.523
BRA,MEATCONSUMP,,A,2019,,7593.866,25.187,3476.422,12.848,9664.7,40.298,124.7,0.52
BRICS,MEATCONSUMP,,A,1990,,8286.873,2.436,24175.636,7.919,3066.132,1.133,885.748,0.327
BRICS,MEATCONSUMP,,A,1991,,8559.054,2.477,25894.161,8.349,7356.861,2.676,2073.792,0.754
BRICS,MEATCONSUMP,,A,1992,,13340.869,3.805,27947.434,8.881,9612.051,3.446,2511.329,0.9
BRICS,MEATCONSUMP,,A,1993,,13600.126,3.826,32944.001,10.327,11041.067,3.905,2654.928,0.939
BRICS,MEATCONSUMP,,A,1994,,14441.263,4.01,35380.463,10.946,12595.3,4.396,2739.124,0.956
BRICS,MEATCONSUMP,,A,1995,,15396.117,4.22,36096.111,11.025,15273.178,5.263,2976.168,1.026
BRICS,MEATCONSUMP,,A,1996,,15529.254,4.204,35819.917,10.804,15307.829,5.209,2981.865,1.015
BRICS,MEATCONSUMP,,A,1997,,16056.564,4.293,40071.391,11.939,17122.026,5.755,3290.578,1.106
BRICS,MEATCONSUMP,,A,1998,,15995.85,4.226,43039.113,12.671,18454.077,6.129,3492.451,1.16
BRICS,MEATCONSUMP,,A,1999,,16398.419,4.283,43055.626,12.53,19629.892,6.445,3648.376,1.198
BRICS,MEATCONSUMP,,A,2000,,15970.187,4.124,44476.811,12.799,20683.936,6.715,3756.798,1.22
BRICS,MEATCONSUMP,,A,2001,,16314.671,4.168,45421.033,12.93,21070.001,6.767,3781.404,1.215
BRICS,MEATCONSUMP,,A,2002,,16837.834,4.257,46353.328,13.058,22062.319,7.012,3908.645,1.242
BRICS,MEATCONSUMP,,A,2003,,18125.562,4.536,47139.123,13.144,23124.12,7.274,4134.678,1.301
BRICS,MEATCONSUMP,,A,2004,,17848.073,4.422,47896.094,13.222,23534.355,7.33,4427.33,1.379
BRICS,MEATCONSUMP,,A,2005,,18633.946,4.571,50190.312,13.719,23939.348,7.383,4640.633,1.431
BRICS,MEATCONSUMP,,A,2006,,19352.521,4.702,51784.662,14.019,25213.367,7.701,4823.137,1.473
BRICS,MEATCONSUMP,,A,2007,,19742.329,4.751,48832.721,13.094,27335.116,8.269,5095.314,1.541
BRICS,MEATCONSUMP,,A,2008,,18999.332,4.529,52989.073,14.076,29741.324,8.913,5084.929,1.524
BRICS,MEATCONSUMP,,A,2009,,18678.308,4.412,55823.948,14.692,30366.58,9.017,5105.991,1.516
BRICS,MEATCONSUMP,,A,2010,,18721.683,4.382,57942.846,15.113,32885.863,9.677,5282.508,1.554
BRICS,MEATCONSUMP,,A,2011,,18313.718,4.249,58706.839,15.177,34164.764,9.965,5241.974,1.529
BRICS,MEATCONSUMP,,A,2012,,18541.139,4.264,61862.684,15.854,36092.437,10.436,5363.931,1.551
BRICS,MEATCONSUMP,,A,2013,,18695.695,4.264,63866.628,16.229,36346.102,10.42,5580.479,1.6
BRICS,MEATCONSUMP,,A,2014,,18068.881,4.086,65825.339,16.588,36421.19,10.355,5815.566,1.653
BRICS,MEATCONSUMP,,A,2015,,18089.827,4.058,64436.285,16.106,37974.557,10.709,5861.998,1.653
BRICS,MEATCONSUMP,,A,2016,,18329.004,4.079,63334.222,15.704,38898.864,10.882,6067.628,1.697
BRICS,MEATCONSUMP,,A,2017,,18524.06,4.09,63405.103,15.6,39384.172,10.932,6150.812,1.707
BRICS,MEATCONSUMP,,A,2018,,19071.018,4.179,63085.861,15.405,40545.782,11.17,6253.285,1.723
BRICS,MEATCONSUMP,,A,2019,,20025.157,4.357,52687.233,12.773,43581.362,11.92,6490.378,1.775
CAN,MEATCONSUMP,,A,1990,,983.68,25.002,727.255,20.597,764.27,24.42,22.96,0.734
CAN,MEATCONSUMP,,A,1991,,974.36,24.456,728.207,20.367,773.108,24.395,24.33,0.768
CAN,MEATCONSUMP,,A,1992,,960.85,23.83,808.46,22.342,783.331,24.423,23.88,0.745
CAN,MEATCONSUMP,,A,1993,,930.05,22.805,796.018,21.749,812.23,25.037,24.52,0.756
CAN,MEATCONSUMP,,A,1994,,957.6,23.226,827.632,22.368,873.857,26.645,23.83,0.727
CAN,MEATCONSUMP,,A,1995,,971.12,23.309,818.604,21.894,872.418,26.324,23.75,0.717
CAN,MEATCONSUMP,,A,1996,,969.93,23.048,773.374,20.478,874.623,26.128,22.33,0.667
CAN,MEATCONSUMP,,A,1997,,981.77,23.106,763.96,20.035,899.54,26.615,22.13,0.655
CAN,MEATCONSUMP,,A,1998,,1002.7,23.379,869.679,22.595,928.175,27.206,25.01,0.733
CAN,MEATCONSUMP,,A,1999,,1030.28,23.8,919.533,23.669,977.779,28.395,26.06,0.757
CAN,MEATCONSUMP,,A,2000,,1022.99,23.411,885.382,22.577,1032.593,29.707,28.95,0.833
CAN,MEATCONSUMP,,A,2001,,992.56,22.5,902.857,22.805,1084.031,30.892,32.09,0.915
CAN,MEATCONSUMP,,A,2002,,998.37,22.415,877.462,21.952,1105.847,31.212,32.37,0.914
CAN,MEATCONSUMP,,A,2003,,1064.09,23.655,799.766,19.811,1121.281,31.337,34.2,0.956
CAN,MEATCONSUMP,,A,2004,,1032.22,22.711,856.796,21.006,1140.872,31.556,35.32,0.977
CAN,MEATCONSUMP,,A,2005,,1010.613,21.994,748.344,18.148,1158.232,31.689,36.03,0.986
CAN,MEATCONSUMP,,A,2006,,1009.173,21.711,769.274,18.442,1180.521,31.929,39.52,1.069
CAN,MEATCONSUMP,,A,2007,,1041.813,22.146,831.488,19.695,1197.88,32.011,40.14,1.073
CAN,MEATCONSUMP,,A,2008,,1022.674,21.473,799.289,18.701,1215.376,32.082,38.85,1.026
CAN,MEATCONSUMP,,A,2009,,985.09,20.434,799.596,18.482,1214.82,31.679,38.86,1.013
CAN,MEATCONSUMP,,A,2010,,990.53,20.305,756.515,17.28,1216.157,31.341,36.98,0.953
CAN,MEATCONSUMP,,A,2011,,977.16,19.804,741.303,16.741,1190.316,30.327,36.53,0.931
CAN,MEATCONSUMP,,A,2012,,998.39,20.012,780.582,17.435,1193.105,30.065,33.59,0.846
CAN,MEATCONSUMP,,A,2013,,999.02,19.813,738.781,16.326,1217.451,30.353,35.17,0.877
CAN,MEATCONSUMP,,A,2014,,977.06,19.177,735.828,16.093,1262.945,31.163,37.31,0.921
CAN,MEATCONSUMP,,A,2015,,907.51,17.633,831.106,17.994,1332.865,32.557,37.42,0.914
CAN,MEATCONSUMP,,A,2016,,952,18.316,745.217,15.976,1372.117,33.188,38.4,0.929
CAN,MEATCONSUMP,,A,2017,,958.86,18.273,771.11,16.374,1394.681,33.413,40.53,0.971
CAN,MEATCONSUMP,,A,2018,,975.67,18.422,808.051,17,1464.571,34.836,43.04,1.022
CAN,MEATCONSUMP,,A,2019,,941.857,17.623,779.849,16.259,1501.96,35.33,41.592,0.978
CHE,MEATCONSUMP,,A,1990,,174.454,18.356,272.614,31.962,73.642,9.741,12.421,1.643
CHE,MEATCONSUMP,,A,1991,,178.329,18.579,269.313,31.265,77.682,10.174,12.278,1.608
CHE,MEATCONSUMP,,A,1992,,178.329,18.377,267.294,30.692,75.81,9.821,12.778,1.655
CHE,MEATCONSUMP,,A,1993,,172.508,17.58,264.267,30.009,74.649,9.564,12.598,1.614
CHE,MEATCONSUMP,,A,1994,,158.393,15.98,249.373,28.034,79.76,10.116,12.435,1.577
CHE,MEATCONSUMP,,A,1995,,158.188,15.829,256.135,28.559,79.174,9.96,12.417,1.562
CHE,MEATCONSUMP,,A,1996,,161.38,16.051,236.506,26.211,85.761,10.723,13.196,1.65
CHE,MEATCONSUMP,,A,1997,,161.559,15.999,233.996,25.821,86.538,10.774,13.708,1.707
CHE,MEATCONSUMP,,A,1998,,159.098,15.704,246.353,27.096,88.38,10.967,13.217,1.64
CHE,MEATCONSUMP,,A,1999,,157.971,15.542,242.722,26.609,87.14,10.778,12.761,1.578
CHE,MEATCONSUMP,,A,2000,,149.838,14.682,242.13,26.437,95.849,11.807,14.326,1.765
CHE,MEATCONSUMP,,A,2001,,149.105,14.538,243.926,26.502,101.663,12.462,13.139,1.611
CHE,MEATCONSUMP,,A,2002,,152.466,14.781,247.254,26.71,104.623,12.751,13.286,1.619
CHE,MEATCONSUMP,,A,2003,,150.595,14.504,244.64,26.253,108.334,13.116,13.491,1.633
CHE,MEATCONSUMP,,A,2004,,151.008,14.433,244.004,25.987,108.223,13.004,13.628,1.638
CHE,MEATCONSUMP,,A,2005,,153.487,14.545,249.679,26.365,105.358,12.551,13.069,1.557
CHE,MEATCONSUMP,,A,2006,,158.191,14.848,255.796,26.753,101.036,11.922,12.716,1.5
CHE,MEATCONSUMP,,A,2007,,157.752,14.651,254.993,26.389,117.117,13.674,12.208,1.425
CHE,MEATCONSUMP,,A,2008,,166.453,15.285,254.33,26.024,126.15,14.563,12.072,1.394
CHE,MEATCONSUMP,,A,2009,,166.63,15.121,252.402,25.522,127.477,14.543,11.75,1.34
CHE,MEATCONSUMP,,A,2010,,172.565,15.469,262.708,26.242,128.922,14.529,12.012,1.354
CHE,MEATCONSUMP,,A,2011,,176.419,15.618,260.236,25.672,132.524,14.749,12.124,1.349
CHE,MEATCONSUMP,,A,2012,,174.004,15.21,249.24,24.277,133.707,14.693,11.759,1.292
CHE,MEATCONSUMP,,A,2013,,166.115,14.34,249.456,23.995,137.191,14.888,11.299,1.226
CHE,MEATCONSUMP,,A,2014,,166.367,14.192,255.997,24.333,144.882,15.537,12.44,1.334
CHE,MEATCONSUMP,,A,2015,,164.041,13.84,249.287,23.436,148.408,15.741,12.342,1.309
CHE,MEATCONSUMP,,A,2016,,167.048,13.954,249.076,23.184,151.469,15.906,12.572,1.32
CHE,MEATCONSUMP,,A,2017,,162.048,13.415,248.78,22.949,148.967,15.503,11.557,1.203
CHE,MEATCONSUMP,,A,2018,,162.048,13.305,246.98,22.596,142.086,14.666,11.551,1.192
CHE,MEATCONSUMP,,A,2019,,161.657,13.171,248.325,22.545,143.798,14.729,11.551,1.183
CHL,MEATCONSUMP,,A,1990,,245.329,12.969,121.653,7.166,117.82,7.83,12.247,0.814
CHL,MEATCONSUMP,,A,1991,,241.618,12.568,121.191,7.024,132.23,8.647,13.413,0.877
CHL,MEATCONSUMP,,A,1992,,236.37,12.103,131.465,7.501,200.019,12.875,14.829,0.955
CHL,MEATCONSUMP,,A,1993,,269.71,13.6,144.087,8.096,239.364,15.173,14.222,0.902
CHL,MEATCONSUMP,,A,1994,,293.038,14.557,156.661,8.672,267.163,16.684,12.593,0.786
CHL,MEATCONSUMP,,A,1995,,323.359,15.833,171.048,9.332,311.464,19.172,11.807,0.727
CHL,MEATCONSUMP,,A,1996,,340.588,16.445,182.829,9.836,330.431,20.057,11.669,0.708
CHL,MEATCONSUMP,,A,1997,,366.935,17.479,198.232,10.522,331.957,19.879,12.36,0.74
CHL,MEATCONSUMP,,A,1998,,349.254,16.421,221.179,11.588,361.905,21.392,12.983,0.767
CHL,MEATCONSUMP,,A,1999,,331.723,15.401,238.122,12.319,371.195,21.666,13.167,0.769
CHL,MEATCONSUMP,,A,2000,,341.398,15.658,246.997,12.623,405.449,23.377,12.659,0.73
CHL,MEATCONSUMP,,A,2001,,310.086,14.054,269.988,13.635,434.867,24.777,10.935,0.623
CHL,MEATCONSUMP,,A,2002,,328.07,14.699,268.607,13.41,417.53,23.517,10.871,0.612
CHL,MEATCONSUMP,,A,2003,,358.746,15.894,288.035,14.22,423.418,23.584,9.649,0.537
CHL,MEATCONSUMP,,A,2004,,374.294,16.402,273.443,13.352,470.558,25.923,9.393,0.518
CHL,MEATCONSUMP,,A,2005,,402.396,17.445,286.72,13.85,472.022,25.725,9.002,0.491
CHL,MEATCONSUMP,,A,2006,,352.717,15.129,340.052,16.253,545.281,29.403,10.885,0.587
CHL,MEATCONSUMP,,A,2007,,382.094,16.218,354.272,16.756,569.229,30.374,11.086,0.592
CHL,MEATCONSUMP,,A,2008,,359.767,15.115,387.557,18.143,542.431,28.649,12.349,0.652
CHL,MEATCONSUMP,,A,2009,,364.325,15.154,371.417,17.214,525.273,27.466,10.688,0.559
CHL,MEATCONSUMP,,A,2010,,374.144,15.412,385.464,17.693,560.75,29.038,9.448,0.489
CHL,MEATCONSUMP,,A,2011,,347.028,14.162,409.99,18.643,614.971,31.549,10.466,0.537
CHL,MEATCONSUMP,,A,2012,,362.875,14.675,435.064,19.605,623.237,31.684,10.468,0.532
CHL,MEATCONSUMP,,A,2013,,428.119,17.161,440.728,19.686,640.473,32.275,8.559,0.431
CHL,MEATCONSUMP,,A,2014,,442.921,17.602,406.904,18.019,640.981,32.024,9.517,0.476
CHL,MEATCONSUMP,,A,2015,,442.557,17.441,401.292,17.622,684.746,33.924,9.292,0.46
CHL,MEATCONSUMP,,A,2016,,482.422,18.855,419.327,18.262,730.445,35.891,8.534,0.419
CHL,MEATCONSUMP,,A,2017,,452.611,17.548,449.268,19.409,737.922,35.967,8.81,0.429
CHL,MEATCONSUMP,,A,2018,,485.34,18.67,570.941,24.473,751.871,36.36,8.643,0.418
CHL,MEATCONSUMP,,A,2019,,527,20.118,578,24.587,753,36.138,10.12,0.486
CHN,MEATCONSUMP,,A,1990,,1074.938,0.639,22569.99,14.959,0,0,0,0
CHN,MEATCONSUMP,,A,1991,,1278.732,0.75,24242.131,15.851,3928.558,2.898,1177.752,0.869
CHN,MEATCONSUMP,,A,1992,,1725.372,1.001,26224.895,16.951,4479.748,3.267,1248.4,0.91
CHN,MEATCONSUMP,,A,1993,,2186.401,1.256,28374.406,18.159,5722.122,4.131,1371.189,0.99
CHN,MEATCONSUMP,,A,1994,,2676.4,1.523,31025.051,19.674,6566.2,4.698,1479.1,1.058
CHN,MEATCONSUMP,,A,1995,,3463.373,1.954,31721.453,19.939,8380.38,5.943,1745.15,1.238
CHN,MEATCONSUMP,,A,1996,,3476.646,1.944,31365.242,19.546,8416.131,5.917,1812.294,1.274
CHN,MEATCONSUMP,,A,1997,,4329.813,2.402,35777.156,22.113,9676.612,6.748,2130.744,1.486
CHN,MEATCONSUMP,,A,1998,,4726.792,2.601,38661.555,23.708,10756.478,7.442,2352.357,1.627
CHN,MEATCONSUMP,,A,1999,,5013.457,2.739,38839.586,23.64,11270.593,7.739,2519.983,1.73
CHN,MEATCONSUMP,,A,2000,,4949.386,2.685,39686.121,23.986,12244.767,8.35,2663.427,1.816
CHN,MEATCONSUMP,,A,2001,,5040.833,2.716,40418.469,24.267,11941.14,8.089,2704.65,1.832
CHN,MEATCONSUMP,,A,2002,,5196.594,2.782,41115.684,24.531,12059.592,8.118,2830.081,1.905
CHN,MEATCONSUMP,,A,2003,,5382.253,2.864,42155.184,24.999,12608.265,8.436,3067.875,2.053
CHN,MEATCONSUMP,,A,2004,,5534.334,2.928,42952.356,25.322,12449.588,8.28,3291.055,2.189
CHN,MEATCONSUMP,,A,2005,,5578.666,2.934,45083.965,26.425,13392.821,8.856,3461.319,2.289
CHN,MEATCONSUMP,,A,2006,,5646.492,2.953,46145.875,26.893,13830.221,9.093,3594.509,2.363
CHN,MEATCONSUMP,,A,2007,,6013.338,3.127,42750.723,24.774,14920.952,9.755,3801.743,2.486
CHN,MEATCONSUMP,,A,2008,,6044.516,3.126,46534.063,26.815,15920.892,10.351,3792.314,2.466
CHN,MEATCONSUMP,,A,2009,,6209.607,3.193,49378.426,28.296,16443.028,10.631,3899.327,2.521
CHN,MEATCONSUMP,,A,2010,,6231.916,3.187,51488.337,29.34,16754.617,10.771,4036.742,2.595
CHN,MEATCONSUMP,,A,2011,,6042.417,3.073,51740.453,29.319,17087.698,10.924,4005.576,2.561
CHN,MEATCONSUMP,,A,2012,,6142.148,3.106,54911.485,30.943,18309.687,11.64,4128.894,2.625
CHN,MEATCONSUMP,,A,2013,,6422.506,3.23,56738.713,31.796,18113.205,11.452,4336.856,2.742
CHN,MEATCONSUMP,,A,2014,,6440.543,3.222,58704.595,32.72,17522.478,11.018,4560.503,2.868
CHN,MEATCONSUMP,,A,2015,,6690.265,3.329,57268.785,31.752,18263.344,11.424,4629.548,2.896
CHN,MEATCONSUMP,,A,2016,,6833.547,3.383,56103.999,30.947,19105.245,11.89,4812.735,2.995
CHN,MEATCONSUMP,,A,2017,,7150.773,3.523,55877.263,30.671,18997.384,11.765,4923.317,3.049
CHN,MEATCONSUMP,,A,2018,,7377.397,3.617,55372.369,30.253,19992.247,12.323,5030.158,3.101
CHN,MEATCONSUMP,,A,2019,,8369.277,4.086,44791.144,24.367,22845.357,14.022,5270.919,3.235
COL,MEATCONSUMP,,A,1990,,734.93,15.011,133.88,3.047,298.562,7.666,12.195,0.313
COL,MEATCONSUMP,,A,1991,,676.335,13.559,133.804,2.989,388.335,9.787,11.534,0.291
COL,MEATCONSUMP,,A,1992,,587.024,11.556,135.389,2.97,415.971,10.294,12.309,0.305
COL,MEATCONSUMP,,A,1993,,601.218,11.627,135.075,2.911,455.987,11.086,13.126,0.319
COL,MEATCONSUMP,,A,1994,,648.047,12.319,136.162,2.884,511.736,12.229,13.117,0.314
COL,MEATCONSUMP,,A,1995,,702.26,13.129,138.99,2.896,570.02,13.397,13.279,0.312
COL,MEATCONSUMP,,A,1996,,731.707,13.461,132.65,2.719,489.062,11.311,12.051,0.279
COL,MEATCONSUMP,,A,1997,,764.881,13.855,107.671,2.173,459.679,10.467,13.05,0.297
COL,MEATCONSUMP,,A,1998,,765.401,13.656,82.378,1.638,531.117,11.913,12.103,0.272
COL,MEATCONSUMP,,A,1999,,716.842,12.602,113.486,2.223,522.231,11.541,11.779,0.26
COL,MEATCONSUMP,,A,2000,,749.426,12.984,110.329,2.13,537.049,11.697,13.326,0.29
COL,MEATCONSUMP,,A,2001,,694.805,11.866,103.856,1.976,633.9,13.609,12.997,0.279
COL,MEATCONSUMP,,A,2002,,674.655,11.36,113.37,2.127,684.216,14.483,12.187,0.258
COL,MEATCONSUMP,,A,2003,,638.309,10.6,126.65,2.344,709.939,14.821,12.315,0.257
COL,MEATCONSUMP,,A,2004,,704.804,11.548,131.924,2.409,728.855,15.012,12.084,0.249
COL,MEATCONSUMP,,A,2005,,782.8,12.659,130.95,2.36,794.421,16.151,11.902,0.242
COL,MEATCONSUMP,,A,2006,,804.83,12.852,152.372,2.711,885.731,17.781,11.667,0.234
COL,MEATCONSUMP,,A,2007,,775.946,12.24,185.4,3.259,964.778,19.133,11.563,0.229
COL,MEATCONSUMP,,A,2008,,763.957,11.91,181.537,3.154,1051.035,20.599,11.313,0.222
COL,MEATCONSUMP,,A,2009,,706.609,10.891,180.607,3.102,1061.709,20.572,11.156,0.216
COL,MEATCONSUMP,,A,2010,,766.225,11.681,207.284,3.521,1116.238,21.392,10.871,0.208
COL,MEATCONSUMP,,A,2011,,816.772,12.32,237.655,3.995,1126.775,21.367,10.738,0.204
COL,MEATCONSUMP,,A,2012,,846.053,12.633,366.642,6.1,1169.69,21.956,7.813,0.147
COL,MEATCONSUMP,,A,2013,,819.14,12.112,304.565,5.018,1331.173,24.744,7.298,0.136
COL,MEATCONSUMP,,A,2014,,830.899,12.17,334.176,5.454,1414.818,26.051,8.098,0.149
COL,MEATCONSUMP,,A,2015,,845.885,12.277,369.941,5.983,1483.695,27.072,8.398,0.153
COL,MEATCONSUMP,,A,2016,,787.822,11.335,415.409,6.66,1564.638,28.3,7.79,0.141
COL,MEATCONSUMP,,A,2017,,735.314,10.49,453.133,7.204,1645.305,29.509,7.861,0.141
COL,MEATCONSUMP,,A,2018,,750.763,10.624,511.9,8.072,1723.917,30.669,8.013,0.143
COL,MEATCONSUMP,,A,2019,,607.48,8.53,573.9,8.98,1772.011,31.281,8.013,0.142
EGY,MEATCONSUMP,,A,1990,,402.438,4.907,2.429,0.033,272.038,4.17,82.131,1.259
EGY,MEATCONSUMP,,A,1991,,466.844,5.562,2.484,0.033,304.302,4.558,73.746,1.105
EGY,MEATCONSUMP,,A,1992,,466.626,5.441,2.887,0.038,317.52,4.654,76.196,1.117
EGY,MEATCONSUMP,,A,1993,,529.877,6.053,2.907,0.037,330.373,4.745,80.628,1.158
EGY,MEATCONSUMP,,A,1994,,556.084,6.229,2.8,0.035,358.6,5.049,87.65,1.234
EGY,MEATCONSUMP,,A,1995,,544.545,5.983,2.791,0.034,406.919,5.62,90.849,1.255
EGY,MEATCONSUMP,,A,1996,,573.259,6.18,2.845,0.034,422.741,5.729,90.416,1.225
EGY,MEATCONSUMP,,A,1997,,637.372,6.745,2.935,0.035,541.299,7.201,93.789,1.248
EGY,MEATCONSUMP,,A,1998,,654.246,6.797,8.227,0.095,534.598,6.982,95.92,1.253
EGY,MEATCONSUMP,,A,1999,,690.106,7.039,3.047,0.035,590.061,7.566,81.289,1.042
EGY,MEATCONSUMP,,A,2000,,768.919,7.7,3.098,0.035,595.335,7.494,125.989,1.586
EGY,MEATCONSUMP,,A,2001,,654.327,6.431,3,0.033,621.761,7.682,128.923,1.593
EGY,MEATCONSUMP,,A,2002,,815.884,7.868,2.792,0.03,743.427,9.013,137.066,1.662
EGY,MEATCONSUMP,,A,2003,,775.033,7.333,2.641,0.028,687.068,8.173,139.849,1.664
EGY,MEATCONSUMP,,A,2004,,803.732,7.464,3.157,0.033,650.288,7.591,137.515,1.605
EGY,MEATCONSUMP,,A,2005,,906.108,8.261,2.151,0.022,664.691,7.618,138.735,1.59
EGY,MEATCONSUMP,,A,2006,,1018.44,9.121,2.912,0.029,726.957,8.185,141.66,1.595
EGY,MEATCONSUMP,,A,2007,,1055.449,9.289,3.88,0.038,820.164,9.074,149.539,1.655
EGY,MEATCONSUMP,,A,2008,,970.683,8.393,2.155,0.021,758.126,8.241,151.422,1.646
EGY,MEATCONSUMP,,A,2009,,1007.136,8.549,0.857,0.008,836.273,8.924,145.434,1.552
EGY,MEATCONSUMP,,A,2010,,1115.347,9.283,0.422,0.004,883.141,9.24,131.006,1.371
EGY,MEATCONSUMP,,A,2011,,1066.814,8.694,0.808,0.007,934.419,9.573,127.398,1.305
EGY,MEATCONSUMP,,A,2012,,1166.142,9.296,0.849,0.008,995.63,9.978,131.059,1.313
EGY,MEATCONSUMP,,A,2013,,1148.322,8.951,0.855,0.007,1160.841,11.375,129.985,1.274
EGY,MEATCONSUMP,,A,2014,,1203.968,9.179,0.535,0.005,1246.176,11.944,131.328,1.259
EGY,MEATCONSUMP,,A,2015,,1221.407,9.117,0.539,0.005,1238.681,11.624,128.134,1.202
EGY,MEATCONSUMP,,A,2016,,1214.015,8.881,0.766,0.006,1262.878,11.614,130.519,1.2
EGY,MEATCONSUMP,,A,2017,,1139.44,8.176,2.594,0.021,1347.301,12.154,125.399,1.131
EGY,MEATCONSUMP,,A,2018,,1096.082,7.721,0.271,0.002,1220.98,10.812,125.015,1.107
EGY,MEATCONSUMP,,A,2019,,1130.091,7.819,0.263,0.002,1276.973,11.108,125.998,1.096
ETH,MEATCONSUMP,,A,1990,,231.5,0,1.05,0,35.64,0,59.29,0
ETH,MEATCONSUMP,,A,1991,,231.5,0,1.1,0,35.64,0,59.675,0
ETH,MEATCONSUMP,,A,1992,,230,0,1.15,0,35.9,0,60.335,0
ETH,MEATCONSUMP,,A,1993,,230,3.008,1.15,0.017,36,0.592,60.607,0.996
ETH,MEATCONSUMP,,A,1994,,229.986,2.904,1.155,0.016,35.971,0.571,60.517,0.961
ETH,MEATCONSUMP,,A,1995,,234.927,2.87,1.212,0.017,35.97,0.552,60.161,0.924
ETH,MEATCONSUMP,,A,1996,,266.927,3.159,1.267,0.017,36.17,0.538,60.558,0.901
ETH,MEATCONSUMP,,A,1997,,269.985,3.099,1.322,0.017,36.3,0.524,59.288,0.856
ETH,MEATCONSUMP,,A,1998,,273.955,3.054,1.397,0.017,36.962,0.518,61.683,0.864
ETH,MEATCONSUMP,,A,1999,,290.014,3.141,1.455,0.018,37.241,0.507,61.395,0.836
ETH,MEATCONSUMP,,A,2000,,294.033,3.093,1.466,0.017,37.602,0.497,60.398,0.799
ETH,MEATCONSUMP,,A,2001,,303.504,3.102,1.553,0.018,49.837,0.64,66.134,0.85
ETH,MEATCONSUMP,,A,2002,,352.497,3.5,1.495,0.017,54.057,0.675,79.386,0.991
ETH,MEATCONSUMP,,A,2003,,338.295,3.264,1.663,0.018,50.242,0.61,85.27,1.034
ETH,MEATCONSUMP,,A,2004,,336.024,3.152,1.65,0.017,47.112,0.556,101.425,1.196
ETH,MEATCONSUMP,,A,2005,,350.262,3.196,1.703,0.017,42.581,0.488,109.451,1.255
ETH,MEATCONSUMP,,A,2006,,373.978,3.32,1.767,0.018,45.209,0.505,128.209,1.431
ETH,MEATCONSUMP,,A,2007,,363.021,3.137,1.73,0.017,46.25,0.503,145.049,1.576
ETH,MEATCONSUMP,,A,2008,,380.049,3.198,1.729,0.016,48.603,0.514,138.189,1.462
ETH,MEATCONSUMP,,A,2009,,354.749,2.907,1.685,0.015,49.793,0.513,144.274,1.486
ETH,MEATCONSUMP,,A,2010,,419.113,3.345,1.818,0.016,57.496,0.577,142.616,1.431
ETH,MEATCONSUMP,,A,2011,,409.776,3.186,1.894,0.016,53.942,0.527,138.295,1.352
ETH,MEATCONSUMP,,A,2012,,337.636,2.557,1.927,0.016,60.499,0.576,143.842,1.369
ETH,MEATCONSUMP,,A,2013,,340.616,2.513,2.012,0.017,61.86,0.574,148.137,1.374
ETH,MEATCONSUMP,,A,2014,,380.806,2.738,2.534,0.02,41.058,0.371,101.709,0.919
ETH,MEATCONSUMP,,A,2015,,390.969,2.74,2.073,0.016,12.296,0.108,38.553,0.34
ETH,MEATCONSUMP,,A,2016,,388.314,2.654,2.082,0.016,13.135,0.113,45.383,0.39
ETH,MEATCONSUMP,,A,2017,,391.532,2.611,2.048,0.015,13.701,0.115,55.94,0.469
ETH,MEATCONSUMP,,A,2018,,390,2.539,2.048,0.015,14.025,0.115,56.098,0.459
ETH,MEATCONSUMP,,A,2019,,392.867,2.497,2.048,0.015,14.025,0.112,58.801,0.47
GBR,MEATCONSUMP,,A,1990,,1102.267,12.722,1316.343,17.971,1022.949,15.928,417.357,6.305
GBR,MEATCONSUMP,,A,1991,,1124.156,12.987,1320.28,17.975,1073.414,15.444,397.888,6.079
GBR,MEATCONSUMP,,A,1992,,1086.1,12.632,1312.637,17.823,1287.438,22.711,386.149,6.018
GBR,MEATCONSUMP,,A,1993,,927.771,10.463,1309.799,17.736,1327.223,17.394,381.705,5.957
GBR,MEATCONSUMP,,A,1994,,940.917,10.359,1344.151,18.151,1429.289,21.82,357.857,5.659
GBR,MEATCONSUMP,,A,1995,,983.175,10.688,1289.743,17.365,1474.721,20.99,361.808,5.716
GBR,MEATCONSUMP,,A,1996,,813.372,9.391,1319.407,17.709,1552.405,26.331,383.318,5.846
GBR,MEATCONSUMP,,A,1997,,862.714,10.326,1314.824,17.589,1592.337,17.531,362.331,5.445
GBR,MEATCONSUMP,,A,1998,,853.618,10.039,1353.849,18.048,1705.144,24.238,371.592,5.66
GBR,MEATCONSUMP,,A,1999,,855.597,10.181,1320.556,17.543,1703.774,24.463,378.922,5.786
GBR,MEATCONSUMP,,A,2000,,892.427,10.602,1292.756,17.113,1703.726,25.445,391.864,5.852
GBR,MEATCONSUMP,,A,2001,,899.846,10.654,1331.269,17.563,1731.81,25.776,341.636,5.085
GBR,MEATCONSUMP,,A,2002,,983.047,11.599,1345.806,17.694,1710.325,25.37,360.323,5.345
GBR,MEATCONSUMP,,A,2003,,999.685,11.749,1402.666,18.369,1709.585,25.259,361.524,5.341
GBR,MEATCONSUMP,,A,2004,,1033.938,12.088,1379.117,17.967,1751.847,25.748,375.175,5.514
GBR,MEATCONSUMP,,A,2005,,1037.45,12.046,1397.642,18.083,1789.616,26.122,375.794,5.485
GBR,MEATCONSUMP,,A,2006,,1069.418,12.308,1391.348,17.843,1725.457,24.965,378.413,5.475
GBR,MEATCONSUMP,,A,2007,,1090.472,12.421,1450.97,18.416,1631.02,23.355,390.139,5.587
GBR,MEATCONSUMP,,A,2008,,1060.779,11.949,1364.245,17.123,1592.661,22.553,372.32,5.272
GBR,MEATCONSUMP,,A,2009,,1022.208,11.389,1362.039,16.909,1626.772,22.785,350.343,4.907
GBR,MEATCONSUMP,,A,2010,,1075.546,11.864,1353.655,16.638,1776.435,24.634,313.089,4.342
GBR,MEATCONSUMP,,A,2011,,1062.388,11.616,1347.425,16.416,1784.578,24.53,298.989,4.11
GBR,MEATCONSUMP,,A,2012,,1039.903,11.281,1327.326,16.045,1806.69,24.64,283.289,3.864
GBR,MEATCONSUMP,,A,2013,,1023.414,11.024,1305.26,15.667,1831.562,24.803,300.712,4.072
GBR,MEATCONSUMP,,A,2014,,1060.65,11.349,1345.066,16.036,1817.665,24.449,302.245,4.066
GBR,MEATCONSUMP,,A,2015,,1094.539,11.633,1383.315,16.383,1982.536,26.49,333.527,4.457
GBR,MEATCONSUMP,,A,2016,,1107.867,11.697,1450.053,17.06,2076.822,27.567,324.12,4.302
GBR,MEATCONSUMP,,A,2017,,1115.878,11.706,1422.308,16.626,2050.991,27.048,305.577,4.03
GBR,MEATCONSUMP,,A,2018,,1125.594,11.735,1449.039,16.834,2169.426,28.434,299.124,3.921
GBR,MEATCONSUMP,,A,2019,,1100.526,11.408,1389.212,16.046,2306.924,30.062,302,3.935
IDN,MEATCONSUMP,,A,1990,,305.855,1.18,546.873,2.351,508.904,2.468,90.267,0.438
IDN,MEATCONSUMP,,A,1991,,313.434,1.188,574.818,2.429,583.773,2.783,94.734,0.452
IDN,MEATCONSUMP,,A,1992,,346.463,1.292,586.241,2.435,547.633,2.567,99.681,0.467
IDN,MEATCONSUMP,,A,1993,,402.142,1.475,622.661,2.544,698.79,3.222,111.769,0.515
IDN,MEATCONSUMP,,A,1994,,391.6,1.413,660.6,2.657,816.4,3.704,100,0.454
IDN,MEATCONSUMP,,A,1995,,369.608,1.314,572.569,2.268,876.814,3.918,95.021,0.425
IDN,MEATCONSUMP,,A,1996,,417.09,1.46,599.995,2.341,949.208,4.178,99.34,0.437
IDN,MEATCONSUMP,,A,1997,,432.223,1.492,633.993,2.438,899.47,3.903,107.865,0.468
IDN,MEATCONSUMP,,A,1998,,400.702,1.364,621.809,2.358,618.346,2.645,82.028,0.351
IDN,MEATCONSUMP,,A,1999,,384.262,1.289,550.063,2.057,626.32,2.642,78.208,0.33
IDN,MEATCONSUMP,,A,2000,,422.52,1.398,414.598,1.529,831.655,3.46,78.857,0.328
IDN,MEATCONSUMP,,A,2001,,404.567,1.32,419.329,1.525,923.424,3.788,94.078,0.386
IDN,MEATCONSUMP,,A,2002,,387.977,1.249,464.448,1.666,1102.606,4.461,127.062,0.514
IDN,MEATCONSUMP,,A,2003,,421.629,1.338,497.905,1.761,1135.506,4.531,144.959,0.578
IDN,MEATCONSUMP,,A,2004,,504.458,1.579,194.244,0.678,1214.33,4.779,123.703,0.487
IDN,MEATCONSUMP,,A,2005,,425.012,1.312,176.525,0.607,1151.101,4.468,98.761,0.383
IDN,MEATCONSUMP,,A,2006,,473.796,1.443,199.637,0.678,1288.535,4.934,140.903,0.54
IDN,MEATCONSUMP,,A,2007,,433.704,1.303,230.742,0.773,1345.908,5.084,121.037,0.457
IDN,MEATCONSUMP,,A,2008,,490.388,1.454,211.021,0.697,1386.307,5.166,113.753,0.424
IDN,MEATCONSUMP,,A,2009,,532.392,1.557,200.274,0.653,1433.328,5.27,128.935,0.474
IDN,MEATCONSUMP,,A,2010,,589.601,1.702,212.427,0.683,1561.433,5.666,114.445,0.415
IDN,MEATCONSUMP,,A,2011,,604.01,1.721,225.419,0.716,1689.556,6.051,114.126,0.409
IDN,MEATCONSUMP,,A,2012,,590.801,1.662,233.046,0.73,1764.764,6.24,110.748,0.392
IDN,MEATCONSUMP,,A,2013,,605.62,1.682,300.759,0.931,1870.129,6.53,108.016,0.377
IDN,MEATCONSUMP,,A,2014,,631.166,1.732,305.137,0.933,1971.367,6.8,110.683,0.382
IDN,MEATCONSUMP,,A,2015,,611.63,1.658,335.881,1.015,2065.497,7.041,112.205,0.383
IDN,MEATCONSUMP,,A,2016,,704.347,1.888,345.893,1.033,2344.211,7.9,115.851,0.39
IDN,MEATCONSUMP,,A,2017,,712.766,1.89,345.133,1.02,2299.763,7.666,127.38,0.425
IDN,MEATCONSUMP,,A,2018,,775.109,2.034,348.544,1.019,2287.832,7.546,130.033,0.429
IDN,MEATCONSUMP,,A,2019,,831.35,2.159,349.35,1.011,2377.9,7.764,132.199,0.432
IND,MEATCONSUMP,,A,1990,,2050.966,1.65,412.997,0.37,391.342,0.396,602.873,0.61
IND,MEATCONSUMP,,A,1991,,2059.275,1.623,427,0.375,522.365,0.518,611.178,0.606
IND,MEATCONSUMP,,A,1992,,2091.774,1.616,444.493,0.383,540.181,0.525,619.043,0.601
IND,MEATCONSUMP,,A,1993,,2080.765,1.576,447.943,0.378,608.148,0.579,624.178,0.594
IND,MEATCONSUMP,,A,1994,,2075.36,1.542,450.8,0.373,625,0.584,626,0.585
IND,MEATCONSUMP,,A,1995,,2041.208,1.488,453.883,0.369,641.823,0.588,654.64,0.6
IND,MEATCONSUMP,,A,1996,,2053.352,1.468,558.107,0.445,659.871,0.593,663.126,0.596
IND,MEATCONSUMP,,A,1997,,2044.225,1.435,464.398,0.363,664.556,0.586,672.931,0.594
IND,MEATCONSUMP,,A,1998,,2071.752,1.427,463.283,0.356,737.949,0.639,678.951,0.588
IND,MEATCONSUMP,,A,1999,,2063.095,1.396,464.38,0.35,810.041,0.689,681.613,0.58
IND,MEATCONSUMP,,A,2000,,1953.795,1.299,465.562,0.345,903.782,0.755,677.903,0.567
IND,MEATCONSUMP,,A,2001,,2004.632,1.31,466.641,0.34,962.917,0.791,689.71,0.567
IND,MEATCONSUMP,,A,2002,,1956.635,1.257,467.369,0.335,1126.755,0.91,692.029,0.559
IND,MEATCONSUMP,,A,2003,,1867.213,1.18,469.499,0.331,1242.1,0.987,686.235,0.545
IND,MEATCONSUMP,,A,2004,,1858.992,1.156,443.827,0.307,1340.202,1.047,715.233,0.559
IND,MEATCONSUMP,,A,2005,,1779.842,1.089,425.033,0.29,1439.783,1.107,741.193,0.57
IND,MEATCONSUMP,,A,2006,,1765.729,1.064,404.437,0.272,1554.199,1.177,766.721,0.581
IND,MEATCONSUMP,,A,2007,,1805.257,1.071,385.206,0.255,1789.784,1.335,791.771,0.591
IND,MEATCONSUMP,,A,2008,,1822.301,1.066,379.46,0.247,1916.97,1.409,772.583,0.568
IND,MEATCONSUMP,,A,2009,,1897.178,1.094,379.072,0.244,2119.686,1.536,715.045,0.518
IND,MEATCONSUMP,,A,2010,,1646.553,0.936,371.227,0.235,2222.015,1.589,759.717,0.543
IND,MEATCONSUMP,,A,2011,,1339.879,0.752,364.608,0.228,2505.201,1.768,753.881,0.532
IND,MEATCONSUMP,,A,2012,,1208.681,0.67,357.74,0.221,2707.058,1.886,743.068,0.518
IND,MEATCONSUMP,,A,2013,,835.072,0.457,354.097,0.216,2872.854,1.977,726.758,0.5
IND,MEATCONSUMP,,A,2014,,642.944,0.348,350.495,0.211,3064.955,2.085,717.47,0.488
IND,MEATCONSUMP,,A,2015,,839.343,0.449,344.159,0.205,3283.691,2.207,708.951,0.477
IND,MEATCONSUMP,,A,2016,,886.248,0.469,316.733,0.187,3428.045,2.278,722.37,0.48
IND,MEATCONSUMP,,A,2017,,815.987,0.427,305.668,0.178,3540.624,2.327,711.407,0.468
IND,MEATCONSUMP,,A,2018,,1089.271,0.563,300.035,0.173,3700.344,2.405,713.248,0.464
IND,MEATCONSUMP,,A,2019,,1039.304,0.532,296.187,0.169,3737.32,2.403,712.85,0.458
IRN,MEATCONSUMP,,A,1990,,345.56,4.302,0,0,395.24,6.186,352.5,5.517
IRN,MEATCONSUMP,,A,1991,,291.8,3.56,0,0,436.935,6.702,409,6.273
IRN,MEATCONSUMP,,A,1992,,285.96,3.436,0,0,566.455,8.556,410.81,6.205
IRN,MEATCONSUMP,,A,1993,,325.12,3.858,0,0,628.91,9.382,390.612,5.827
IRN,MEATCONSUMP,,A,1994,,316.359,3.708,0,0,635.813,9.368,383,5.643
IRN,MEATCONSUMP,,A,1995,,308.92,3.57,0,0,658.52,9.567,383,5.564
IRN,MEATCONSUMP,,A,1996,,386,4.388,0,0,682.02,9.746,410.45,5.865
IRN,MEATCONSUMP,,A,1997,,386.781,4.317,0,0,727.663,10.211,417,5.852
IRN,MEATCONSUMP,,A,1998,,389.36,4.265,0,0,747.508,10.294,438.991,6.046
IRN,MEATCONSUMP,,A,1999,,327.408,3.523,0,0,754.939,10.211,399.112,5.398
IRN,MEATCONSUMP,,A,2000,,310.871,3.291,0,0,830.145,11.047,435.798,5.799
IRN,MEATCONSUMP,,A,2001,,341.075,3.558,0,0,886.977,11.633,443.636,5.819
IRN,MEATCONSUMP,,A,2002,,375.549,3.867,0,0,944.172,12.222,449.705,5.821
IRN,MEATCONSUMP,,A,2003,,374.452,3.809,0,0,1106.663,14.152,416.85,5.331
IRN,MEATCONSUMP,,A,2004,,419.093,4.214,0,0,1170.988,14.802,427.3,5.401
IRN,MEATCONSUMP,,A,2005,,397.796,3.954,0,0,1235.14,15.435,432,5.398
IRN,MEATCONSUMP,,A,2006,,480.869,4.726,0,0,1356.269,16.756,435.994,5.387
IRN,MEATCONSUMP,,A,2007,,510.5,4.961,0,0,1504.566,18.381,454.272,5.55
IRN,MEATCONSUMP,,A,2008,,460.585,4.426,0,0,1567.057,18.931,348.364,4.208
IRN,MEATCONSUMP,,A,2009,,468.428,4.45,0,0,1614.573,19.282,357.374,4.268
IRN,MEATCONSUMP,,A,2010,,601.584,5.647,0,0,1680.834,19.836,378.563,4.468
IRN,MEATCONSUMP,,A,2011,,559.972,5.192,0,0,1830.639,21.34,381.227,4.444
IRN,MEATCONSUMP,,A,2012,,498.163,4.561,0,0,1896.452,21.829,383.306,4.412
IRN,MEATCONSUMP,,A,2013,,497.371,4.496,0,0,1961.304,22.289,358.31,4.072
IRN,MEATCONSUMP,,A,2014,,535.828,4.784,0,0,1986.677,22.296,367.711,4.127
IRN,MEATCONSUMP,,A,2015,,567.646,5.007,0,0,2014.379,22.337,382.548,4.242
IRN,MEATCONSUMP,,A,2016,,604.786,5.274,0,0,2070.32,22.695,361.61,3.964
IRN,MEATCONSUMP,,A,2017,,632.954,5.459,0,0,2128.208,23.075,374.003,4.055
IRN,MEATCONSUMP,,A,2018,,661.981,5.65,0,0,2144.285,23.009,393.057,4.218
IRN,MEATCONSUMP,,A,2019,,675.701,5.711,0,0,2185.9,23.226,397.2,4.22
ISR,MEATCONSUMP,,A,1990,,64.074,9.966,9.176,1.59,175.258,34.269,6,1.173
ISR,MEATCONSUMP,,A,1991,,81.721,12.32,9.337,1.569,189.473,35.91,6,1.137
ISR,MEATCONSUMP,,A,1992,,69.344,10.094,9.265,1.503,209.499,38.337,6,1.098
ISR,MEATCONSUMP,,A,1993,,75.899,10.652,8.685,1.358,225.717,39.824,7.027,1.24
ISR,MEATCONSUMP,,A,1994,,102.537,13.894,8.691,1.312,247.894,42.227,7.26,1.237
ISR,MEATCONSUMP,,A,1995,,94.052,12.343,10.241,1.498,246.64,40.693,7.705,1.271
ISR,MEATCONSUMP,,A,1996,,106.752,13.616,10.405,1.479,254.658,40.834,7.495,1.202
ISR,MEATCONSUMP,,A,1997,,116.102,14.431,11.819,1.637,259.02,40.475,6.85,1.07
ISR,MEATCONSUMP,,A,1998,,112.493,13.659,11.827,1.6,263.615,40.238,7.6,1.16
ISR,MEATCONSUMP,,A,1999,,113.355,13.468,8.588,1.137,274.538,41.005,8.26,1.234
ISR,MEATCONSUMP,,A,2000,,142.024,16.532,14.774,1.916,402.179,58.851,8.608,1.26
ISR,MEATCONSUMP,,A,2001,,132.807,15.167,15.676,1.995,434.526,62.384,8.492,1.219
ISR,MEATCONSUMP,,A,2002,,158.422,17.774,16.42,2.053,446.678,63,7.912,1.116
ISR,MEATCONSUMP,,A,2003,,166.377,18.342,17.374,2.134,441.825,61.234,8.482,1.176
ISR,MEATCONSUMP,,A,2004,,82.988,8.98,17.943,2.164,458.876,62.424,8.567,1.165
ISR,MEATCONSUMP,,A,2005,,159.13,16.87,18.548,2.191,477.362,63.62,9.354,1.247
ISR,MEATCONSUMP,,A,2006,,211.987,21.967,17.401,2.009,507.234,66.077,10.639,1.386
ISR,MEATCONSUMP,,A,2007,,191.197,19.333,18.136,2.043,510.213,64.857,10.883,1.383
ISR,MEATCONSUMP,,A,2008,,237.741,23.448,18.012,1.98,511.394,63.407,11.778,1.46
ISR,MEATCONSUMP,,A,2009,,185.378,17.855,19.378,2.08,522.5,63.265,12.601,1.526
ISR,MEATCONSUMP,,A,2010,,200.427,18.893,18.696,1.964,528.253,62.6,13.644,1.617
ISR,MEATCONSUMP,,A,2011,,211.743,19.583,18.555,1.912,541.409,62.948,15.731,1.829
ISR,MEATCONSUMP,,A,2012,,199.793,18.165,19.196,1.945,554.333,63.36,15.506,1.772
ISR,MEATCONSUMP,,A,2013,,260.307,23.298,16.067,1.602,508.806,57.249,14.492,1.631
ISR,MEATCONSUMP,,A,2014,,211.825,18.672,15.394,1.512,558.713,61.912,16.148,1.789
ISR,MEATCONSUMP,,A,2015,,215.435,18.7,15.471,1.496,593.443,64.756,14.242,1.554
ISR,MEATCONSUMP,,A,2016,,237.52,20.296,15.745,1.499,637.021,68.431,13.422,1.442
ISR,MEATCONSUMP,,A,2017,,248.565,20.909,14.444,1.354,626.135,66.213,13.997,1.48
ISR,MEATCONSUMP,,A,2018,,275.935,22.851,14.646,1.351,622.162,64.771,14.663,1.527
ISR,MEATCONSUMP,,A,2019,,284,23.16,14.646,1.331,624.1,63.981,14.8,1.517
JPN,MEATCONSUMP,,A,1990,,1067.243,6,2071.813,12.98,1784.404,12.612,105.12,0.743
JPN,MEATCONSUMP,,A,1991,,1142.37,6.401,2082.682,13.003,1680.944,11.841,107.753,0.759
JPN,MEATCONSUMP,,A,1992,,1190.669,6.65,2089.852,13.006,1736.809,12.195,113.532,0.797
JPN,MEATCONSUMP,,A,1993,,1308.383,7.286,2079.114,12.901,1707.512,11.953,95.979,0.672
JPN,MEATCONSUMP,,A,1994,,1441.19,8.003,2097.024,12.976,1787.153,12.476,80.637,0.563
JPN,MEATCONSUMP,,A,1995,,1517.9,8.408,2110.846,13.029,1804.29,12.565,82.76,0.576
JPN,MEATCONSUMP,,A,1996,,1441.213,7.966,2220.733,13.678,1866.966,12.973,71.57,0.497
JPN,MEATCONSUMP,,A,1997,,1463.358,8.073,2064.941,12.693,1820.708,12.627,63.16,0.438
JPN,MEATCONSUMP,,A,1998,,1486.629,8.186,2051.12,12.586,1727.12,11.956,60.62,0.42
JPN,MEATCONSUMP,,A,1999,,1486.738,8.174,2099.959,12.864,1737.49,12.009,50.97,0.352
JPN,MEATCONSUMP,,A,2000,,1570.034,8.618,2179.85,13.333,1860.738,12.84,46.34,0.32
JPN,MEATCONSUMP,,A,2001,,1282.592,7.03,2236.454,13.659,1917.739,13.214,44.52,0.307
JPN,MEATCONSUMP,,A,2002,,1302.383,7.128,2350.444,14.335,1862.648,12.816,42.67,0.294
JPN,MEATCONSUMP,,A,2003,,1276.909,6.98,2316.988,14.113,1844.257,12.674,36.67,0.252
JPN,MEATCONSUMP,,A,2004,,1275.117,6.962,2474.045,15.052,1805.436,12.393,46.46,0.319
JPN,MEATCONSUMP,,A,2005,,1142.902,6.234,2459.773,14.951,1917.83,13.152,53.06,0.364
JPN,MEATCONSUMP,,A,2006,,1135.178,6.188,2304.243,13.995,1952.02,13.376,53.49,0.367
JPN,MEATCONSUMP,,A,2007,,1171.14,6.38,2349.367,14.261,1969.78,13.49,38.59,0.264
JPN,MEATCONSUMP,,A,2008,,1172.563,6.386,2390.896,14.509,1946.9,13.329,39.05,0.267
JPN,MEATCONSUMP,,A,2009,,1192.209,6.492,2333.597,14.159,1998.77,13.682,39.44,0.27
JPN,MEATCONSUMP,,A,2010,,1231.567,6.707,2364.555,14.348,2085.61,14.278,31.62,0.217
JPN,MEATCONSUMP,,A,2011,,1233.994,6.722,2404.854,14.598,2075.234,14.212,31.86,0.218
JPN,MEATCONSUMP,,A,2012,,1234.866,6.731,2389.876,14.515,2206.41,15.119,27.456,0.188
JPN,MEATCONSUMP,,A,2013,,1233.086,6.727,2383.58,14.489,2193.19,15.041,18.168,0.125
JPN,MEATCONSUMP,,A,2014,,1224.719,6.689,2411.883,14.678,2226.18,15.285,20.39,0.14
JPN,MEATCONSUMP,,A,2015,,1150.322,6.292,2454.667,14.96,2301.733,15.826,18.505,0.127
JPN,MEATCONSUMP,,A,2016,,1254.533,6.873,2518.737,15.377,2368.674,16.315,20.047,0.138
JPN,MEATCONSUMP,,A,2017,,1275.113,7.001,2605.978,15.942,2448.227,16.897,22.192,0.153
JPN,MEATCONSUMP,,A,2018,,1336.632,7.356,2609.678,16.003,2511.438,17.374,24.565,0.17
JPN,MEATCONSUMP,,A,2019,,1366.697,7.541,2627.589,16.156,2551.921,17.702,25,0.173
KAZ,MEATCONSUMP,,A,1990,,710,0,286,0,201,0,278,0
KAZ,MEATCONSUMP,,A,1991,,724,0,274,0,185,0,270,0
KAZ,MEATCONSUMP,,A,1992,,593.206,25.195,221.2,10.469,140.85,7.521,232.9,12.436
KAZ,MEATCONSUMP,,A,1993,,651.306,27.851,196.712,9.373,115.79,6.225,263.3,14.154
KAZ,MEATCONSUMP,,A,1994,,614.695,26.532,156.826,7.543,81.17,4.405,239.8,13.012
KAZ,MEATCONSUMP,,A,1995,,515.703,22.513,108.9,5.297,56.44,3.097,192.076,10.541
KAZ,MEATCONSUMP,,A,1996,,439.578,19.45,108.392,5.344,54.473,3.03,165.559,9.209
KAZ,MEATCONSUMP,,A,1997,,364.197,16.361,84.284,4.219,56.166,3.172,146.292,8.262
KAZ,MEATCONSUMP,,A,1998,,344.038,15.689,82.335,4.184,54.382,3.118,119.182,6.833
KAZ,MEATCONSUMP,,A,1999,,340.692,15.725,97.379,5.008,43.067,2.499,98.922,5.74
KAZ,MEATCONSUMP,,A,2000,,314.203,14.607,86.318,4.471,53.588,3.132,95.293,5.569
KAZ,MEATCONSUMP,,A,2001,,299.272,13.929,117.444,6.091,66.613,3.898,97.064,5.679
KAZ,MEATCONSUMP,,A,2002,,307.269,14.239,116.504,6.016,84.297,4.911,101.62,5.92
KAZ,MEATCONSUMP,,A,2003,,327.029,15.029,112.702,5.771,96.255,5.561,96.065,5.55
KAZ,MEATCONSUMP,,A,2004,,346.012,15.742,122.954,6.233,121.925,6.974,101.659,5.814
KAZ,MEATCONSUMP,,A,2005,,372.991,16.8,124.202,6.234,155.903,8.828,106.771,6.046
KAZ,MEATCONSUMP,,A,2006,,405.625,18.096,129.434,6.434,215.009,12.059,115.167,6.459
KAZ,MEATCONSUMP,,A,2007,,436.184,19.274,132.282,6.513,208.445,11.579,123.669,6.87
KAZ,MEATCONSUMP,,A,2008,,446.587,19.537,146.669,7.15,195.416,10.747,131.272,7.219
KAZ,MEATCONSUMP,,A,2009,,431.587,18.667,138.687,6.684,189.368,10.297,135.048,7.343
KAZ,MEATCONSUMP,,A,2010,,433.083,18.486,138.435,6.585,239.316,12.842,142.681,7.657
KAZ,MEATCONSUMP,,A,2011,,443.084,18.631,150.522,7.053,261.621,13.83,149.201,7.887
KAZ,MEATCONSUMP,,A,2012,,436.799,18.07,150.429,6.934,326.449,16.977,153.791,7.998
KAZ,MEATCONSUMP,,A,2013,,450.397,18.322,145.232,6.583,303.648,15.529,157.117,8.035
KAZ,MEATCONSUMP,,A,2014,,459.14,18.378,137.818,6.147,281.688,14.175,162.199,8.162
KAZ,MEATCONSUMP,,A,2015,,468.137,18.462,126.538,5.561,292.107,14.482,165.172,8.189
KAZ,MEATCONSUMP,,A,2016,,472.887,18.403,121.05,5.249,300.302,14.691,168.984,8.267
KAZ,MEATCONSUMP,,A,2017,,498.161,19.155,123.308,5.283,339.716,16.422,170.611,8.247
KAZ,MEATCONSUMP,,A,2018,,520.005,19.779,113.454,4.809,363.737,17.393,169.047,8.083
KAZ,MEATCONSUMP,,A,2019,,523.2,19.698,112.1,4.703,348.493,16.494,172.948,8.186
KOR,MEATCONSUMP,,A,1990,,0,0,0,0,271.5,5.567,9.563,0.196
KOR,MEATCONSUMP,,A,1991,,315.039,5.084,552.615,9.938,332.266,6.741,7.896,0.16
KOR,MEATCONSUMP,,A,1992,,355.016,5.668,748.458,13.314,374.848,7.523,15.467,0.31
KOR,MEATCONSUMP,,A,1993,,335.233,5.293,762.231,13.41,393.698,7.815,11.516,0.229
KOR,MEATCONSUMP,,A,1994,,361.695,5.649,794.642,13.829,397.9,7.812,14.189,0.279
KOR,MEATCONSUMP,,A,1995,,419.442,6.483,835.256,14.384,437.717,8.505,12.722,0.247
KOR,MEATCONSUMP,,A,1996,,438.783,6.714,900.375,15.35,472.472,9.088,10.887,0.209
KOR,MEATCONSUMP,,A,1997,,500.749,7.588,895.847,15.126,445.925,8.495,9.606,0.183
KOR,MEATCONSUMP,,A,1998,,453.449,6.808,890.936,14.906,396.834,7.491,8.067,0.152
KOR,MEATCONSUMP,,A,1999,,542.985,8.084,1030.494,17.096,494.431,9.254,6.814,0.128
KOR,MEATCONSUMP,,A,2000,,571.881,8.449,969.216,15.956,518.219,9.625,5.701,0.106
KOR,MEATCONSUMP,,A,2001,,499,7.322,1013.069,16.564,569.778,10.51,4.889,0.09
KOR,MEATCONSUMP,,A,2002,,571.263,8.331,1046.943,17.013,592.131,10.856,5.699,0.105
KOR,MEATCONSUMP,,A,2003,,553.643,8.03,1291.64,20.876,523.64,9.548,5.512,0.101
KOR,MEATCONSUMP,,A,2004,,448.207,6.47,1198.86,19.283,464.954,8.437,5.978,0.109
KOR,MEATCONSUMP,,A,2005,,415.754,5.976,1177.305,18.856,600.174,10.845,6.078,0.11
KOR,MEATCONSUMP,,A,2006,,463.704,6.641,1423.507,22.715,645.238,11.616,5.838,0.105
KOR,MEATCONSUMP,,A,2007,,493.536,7.046,1505.964,23.956,637.513,11.441,5.819,0.104
KOR,MEATCONSUMP,,A,2008,,505.262,7.191,1524.596,24.179,635.118,11.364,5.73,0.103
KOR,MEATCONSUMP,,A,2009,,523.328,7.424,1484.984,23.472,677.81,12.087,5.327,0.095
KOR,MEATCONSUMP,,A,2010,,564.912,7.981,1544.08,24.309,746.613,13.261,5.665,0.101
KOR,MEATCONSUMP,,A,2011,,627.21,8.819,1492.185,23.378,803.229,14.198,6.489,0.115
KOR,MEATCONSUMP,,A,2012,,639.583,8.943,1551.449,24.173,809.611,14.232,6.701,0.118
KOR,MEATCONSUMP,,A,2013,,671.544,9.337,1633.671,25.31,822.703,14.38,6.592,0.115
KOR,MEATCONSUMP,,A,2014,,713.675,9.871,1665.412,25.668,925.041,16.085,8.692,0.151
KOR,MEATCONSUMP,,A,2015,,726.628,10.008,1819.203,27.92,973.199,16.851,10.94,0.189
KOR,MEATCONSUMP,,A,2016,,729.746,10.019,1901.912,29.098,1001.096,17.279,14.39,0.248
KOR,MEATCONSUMP,,A,2017,,762.168,10.441,1934.821,29.536,996.221,17.157,19.195,0.331
KOR,MEATCONSUMP,,A,2018,,791.703,10.83,2007.746,30.604,1048.699,18.035,18.835,0.324
KOR,MEATCONSUMP,,A,2019,,865.1,11.822,2050.906,31.229,1087,18.674,19.299,0.332
MEX,MEATCONSUMP,,A,1990,,885.416,7.384,789.761,7.339,848.035,8.89,44.729,0.469
MEX,MEATCONSUMP,,A,1991,,1096.477,8.976,865.575,7.895,995.553,10.245,59.119,0.608
MEX,MEATCONSUMP,,A,1992,,1165.183,9.367,874.326,7.832,1071.894,10.833,64.495,0.652
MEX,MEATCONSUMP,,A,1993,,1075.554,8.495,867.531,7.635,1261.1,12.522,66.582,0.661
MEX,MEATCONSUMP,,A,1994,,1285.064,9.978,948.929,8.21,1369.909,13.371,70.445,0.688
MEX,MEATCONSUMP,,A,1995,,1119.742,8.551,945.392,8.045,1515.516,14.55,44.176,0.424
MEX,MEATCONSUMP,,A,1996,,1321.371,9.93,927.596,7.768,1505.322,14.221,43.861,0.414
MEX,MEATCONSUMP,,A,1997,,1377.33,10.191,970.427,8.001,1750.495,16.282,54.704,0.509
MEX,MEATCONSUMP,,A,1998,,1507.122,10.983,1041.898,8.461,1931.271,17.693,57.993,0.531
MEX,MEATCONSUMP,,A,1999,,1515.51,10.882,1083.245,8.667,2080.252,18.779,66.794,0.603
MEX,MEATCONSUMP,,A,2000,,1524.53,10.79,1170.036,9.228,2229.966,19.842,80.293,0.714
MEX,MEATCONSUMP,,A,2001,,1583,11.048,1210.737,9.416,2351.655,20.633,86.194,0.756
MEX,MEATCONSUMP,,A,2002,,1717.57,11.824,1264.078,9.696,2516.807,21.781,87.904,0.761
MEX,MEATCONSUMP,,A,2003,,1613.165,10.955,1320.108,9.989,2686.007,22.93,118.775,1.014
MEX,MEATCONSUMP,,A,2004,,1553.857,10.407,1371.296,10.234,2783.345,23.435,103.257,0.869
MEX,MEATCONSUMP,,A,2005,,1616.017,10.671,1369.725,10.079,3029.62,25.15,86.041,0.714
MEX,MEATCONSUMP,,A,2006,,1538.146,10.01,1416.922,10.275,3112.794,25.467,83.702,0.685
MEX,MEATCONSUMP,,A,2007,,1669.408,10.704,1440.425,10.292,3167.94,25.536,86.353,0.696
MEX,MEATCONSUMP,,A,2008,,1776.01,11.219,1447.896,10.191,3261.932,25.904,85.731,0.681
MEX,MEATCONSUMP,,A,2009,,1695.545,10.553,1598.238,11.085,3314.587,25.936,77.294,0.605
MEX,MEATCONSUMP,,A,2010,,1624.429,9.966,1607.459,10.989,3421.165,26.388,72.87,0.562
MEX,MEATCONSUMP,,A,2011,,1496.711,9.056,1532.55,10.332,3532.197,26.867,70.268,0.535
MEX,MEATCONSUMP,,A,2012,,1516.946,9.055,1679.2,11.169,3612.905,27.111,65.918,0.495
MEX,MEATCONSUMP,,A,2013,,1531.758,9.023,1776.725,11.663,3690.316,27.329,74.956,0.555
MEX,MEATCONSUMP,,A,2014,,1532.06,8.911,1810.469,11.733,3801.833,27.798,74.994,0.548
MEX,MEATCONSUMP,,A,2015,,1551.635,8.913,1957.032,12.527,3928.083,28.367,76.713,0.554
MEX,MEATCONSUMP,,A,2016,,1609.356,9.134,2030.253,12.84,4073.135,29.062,73.362,0.524
MEX,MEATCONSUMP,,A,2017,,1633.086,9.162,2128.381,13.305,4223.313,29.785,74.991,0.529
MEX,MEATCONSUMP,,A,2018,,1666.224,9.243,2273.038,14.05,4316.464,30.101,76.36,0.533
MEX,MEATCONSUMP,,A,2019,,1670.708,9.167,2355.323,14.401,4426.506,30.534,79.034,0.545
MYS,MEATCONSUMP,,A,1990,,66.578,2.584,232.63,10.059,385.605,18.812,7.594,0.371
MYS,MEATCONSUMP,,A,1991,,77.073,2.912,237.369,9.992,471.44,22.39,7.767,0.369
MYS,MEATCONSUMP,,A,1992,,80.092,2.949,255.681,10.489,556.183,25.743,9.44,0.437
MYS,MEATCONSUMP,,A,1993,,83.564,3.001,267.045,10.685,640.706,28.921,9.244,0.417
MYS,MEATCONSUMP,,A,1994,,92.372,3.235,287.603,11.224,680.893,29.979,9.052,0.399
MYS,MEATCONSUMP,,A,1995,,103.367,3.53,286.978,10.922,705.104,30.274,12.201,0.524
MYS,MEATCONSUMP,,A,1996,,114.913,3.826,280.795,10.418,713.698,29.874,14.842,0.621
MYS,MEATCONSUMP,,A,1997,,115.326,3.743,283.419,10.251,723.358,29.518,13.247,0.541
MYS,MEATCONSUMP,,A,1998,,103.485,3.276,267.262,9.427,734.773,29.24,13.391,0.533
MYS,MEATCONSUMP,,A,1999,,114.855,3.549,168.989,5.818,757.758,29.432,14.223,0.552
MYS,MEATCONSUMP,,A,2000,,139.217,4.203,173.054,5.822,739.387,28.063,14.346,0.545
MYS,MEATCONSUMP,,A,2001,,84.334,2.491,202.162,6.654,779.622,28.949,16.74,0.622
MYS,MEATCONSUMP,,A,2002,,152.202,4.403,211.126,6.805,849.686,30.899,15.258,0.555
MYS,MEATCONSUMP,,A,2003,,153.57,4.354,194.92,6.158,870.362,31.023,12.973,0.462
MYS,MEATCONSUMP,,A,2004,,187.123,5.203,203.817,6.315,933.017,32.615,15.571,0.544
MYS,MEATCONSUMP,,A,2005,,187.122,5.105,212.07,6.447,976.677,33.496,16.206,0.556
MYS,MEATCONSUMP,,A,2006,,180.469,4.832,219.7,6.555,1039.762,34.999,17.606,0.593
MYS,MEATCONSUMP,,A,2007,,179.425,4.717,202.167,5.923,1102.734,36.446,19.585,0.647
MYS,MEATCONSUMP,,A,2008,,164.9,4.258,198.494,5.711,1147.699,37.253,19.915,0.646
MYS,MEATCONSUMP,,A,2009,,179.895,4.562,207.124,5.852,1180.914,37.645,20.551,0.655
MYS,MEATCONSUMP,,A,2010,,184.207,4.587,246.326,6.835,1280.687,40.089,24.424,0.765
MYS,MEATCONSUMP,,A,2011,,197.777,4.835,227.143,6.187,1325.931,40.748,21.144,0.65
MYS,MEATCONSUMP,,A,2012,,205.341,4.928,225.062,6.018,1388.616,41.891,25.215,0.761
MYS,MEATCONSUMP,,A,2013,,225.84,5.322,225.03,5.909,1472.181,43.61,30.03,0.89
MYS,MEATCONSUMP,,A,2014,,232.616,5.387,229.156,5.913,1590.551,46.304,35.681,1.039
MYS,MEATCONSUMP,,A,2015,,255.592,5.823,242.403,6.154,1649.933,47.259,38.464,1.102
MYS,MEATCONSUMP,,A,2016,,240.699,5.403,219.633,5.493,1778.445,50.182,37.681,1.063
MYS,MEATCONSUMP,,A,2017,,235.761,5.219,218.275,5.384,1743.712,48.522,43.14,1.2
MYS,MEATCONSUMP,,A,2018,,242.468,5.297,223.069,5.43,1776.741,48.796,40.866,1.122
MYS,MEATCONSUMP,,A,2019,,246.9,5.325,221.1,5.314,1797.837,48.748,38.501,1.044
NGA,MEATCONSUMP,,A,1990,,204.332,1.501,106.916,0.875,174.105,1.608,164.65,1.521
NGA,MEATCONSUMP,,A,1991,,205.711,1.474,106.809,0.853,165,1.486,170.497,1.535
NGA,MEATCONSUMP,,A,1992,,210.383,1.469,112.51,0.876,162,1.422,174.13,1.529
NGA,MEATCONSUMP,,A,1993,,244.463,1.665,117.006,0.888,165,1.413,181.155,1.551
NGA,MEATCONSUMP,,A,1994,,265.052,1.761,121.504,0.9,168.05,1.404,205.677,1.718
NGA,MEATCONSUMP,,A,1995,,267.012,1.731,133.726,0.966,169,1.377,222.227,1.811
NGA,MEATCONSUMP,,A,1996,,280.991,1.776,138.226,0.974,170,1.351,238.295,1.894
NGA,MEATCONSUMP,,A,1997,,295.134,1.82,142.726,0.981,171.04,1.326,269.536,2.089
NGA,MEATCONSUMP,,A,1998,,298.368,1.795,147.226,0.987,172.04,1.301,289.895,2.192
NGA,MEATCONSUMP,,A,1999,,298.88,1.753,156.226,1.021,174,1.283,311.992,2.301
NGA,MEATCONSUMP,,A,2000,,279.19,1.597,157.552,1.004,160.437,1.154,336.662,2.421
NGA,MEATCONSUMP,,A,2001,,316.237,1.764,165.422,1.028,189.319,1.328,366.438,2.57
NGA,MEATCONSUMP,,A,2002,,357.889,1.947,192.524,1.167,194.402,1.33,372.285,2.546
NGA,MEATCONSUMP,,A,2003,,309.207,1.64,179.118,1.059,201.539,1.344,376.848,2.513
NGA,MEATCONSUMP,,A,2004,,323.41,1.672,186.165,1.073,211,1.371,386.2,2.51
NGA,MEATCONSUMP,,A,2005,,305.61,1.54,193.455,1.086,218.75,1.386,394.057,2.496
NGA,MEATCONSUMP,,A,2006,,259.795,1.275,201.461,1.102,232.101,1.432,405.764,2.504
NGA,MEATCONSUMP,,A,2007,,327.985,1.568,209.25,1.115,243.3,1.462,415.391,2.497
NGA,MEATCONSUMP,,A,2008,,328.215,1.528,217.602,1.129,260,1.522,422.82,2.475
NGA,MEATCONSUMP,,A,2009,,330.241,1.497,226.318,1.143,273.016,1.556,433.144,2.469
NGA,MEATCONSUMP,,A,2010,,307.349,1.357,234.132,1.152,245.01,1.36,458.23,2.543
NGA,MEATCONSUMP,,A,2011,,350.981,1.508,243.449,1.166,198.308,1.071,381.93,2.064
NGA,MEATCONSUMP,,A,2012,,289.14,1.21,249.231,1.162,229.207,1.206,339.787,1.787
NGA,MEATCONSUMP,,A,2013,,379.042,1.544,254.65,1.156,193.186,0.989,374.724,1.919
NGA,MEATCONSUMP,,A,2014,,380.979,1.511,252.732,1.117,196.606,0.981,384.11,1.916
NGA,MEATCONSUMP,,A,2015,,383.765,1.483,266.494,1.147,204.674,0.994,393.719,1.912
NGA,MEATCONSUMP,,A,2016,,370.022,1.393,274.937,1.153,209.319,0.99,387.273,1.832
NGA,MEATCONSUMP,,A,2017,,373.043,1.368,278.145,1.137,201.599,0.929,397.358,1.832
NGA,MEATCONSUMP,,A,2018,,375.861,1.343,281.007,1.119,198.113,0.89,395.056,1.775
NGA,MEATCONSUMP,,A,2019,,376.869,1.313,280.1,1.087,196.113,0.859,395.056,1.73
NOR,MEATCONSUMP,,A,1990,,76.702,12.641,83.792,15.388,20.084,4.161,23.308,4.829
NOR,MEATCONSUMP,,A,1991,,79.135,12.975,86.252,15.758,20.539,4.233,24.464,5.042
NOR,MEATCONSUMP,,A,1992,,80.588,13.141,88.305,16.045,23.117,4.739,25.014,5.128
NOR,MEATCONSUMP,,A,1993,,82.507,13.379,92.374,16.691,23.088,4.707,25.447,5.188
NOR,MEATCONSUMP,,A,1994,,89.42,14.417,95.663,17.187,26.172,5.305,27.152,5.503
NOR,MEATCONSUMP,,A,1995,,87.986,14.104,100.768,17.998,29.658,5.976,27.486,5.539
NOR,MEATCONSUMP,,A,1996,,90.26,14.382,107.141,19.023,32.619,6.534,27.734,5.555
NOR,MEATCONSUMP,,A,1997,,90.068,14.263,101.739,17.953,33.488,6.667,25.126,5.002
NOR,MEATCONSUMP,,A,1998,,92.667,14.585,107.053,18.775,31.429,6.219,23.705,4.69
NOR,MEATCONSUMP,,A,1999,,89.752,14.043,99.821,17.403,36.754,7.229,22.917,4.508
NOR,MEATCONSUMP,,A,2000,,92.781,14.435,103.936,18.018,43.607,8.529,24.372,4.767
NOR,MEATCONSUMP,,A,2001,,89.796,13.897,110.08,18.983,43.348,8.434,25.073,4.878
NOR,MEATCONSUMP,,A,2002,,90.462,13.929,105.393,18.083,46.808,9.061,25.463,4.929
NOR,MEATCONSUMP,,A,2003,,93.068,14.255,109.385,18.669,49.872,9.603,24.786,4.773
NOR,MEATCONSUMP,,A,2004,,94.764,14.426,113.505,19.254,54.99,10.524,26.454,5.063
NOR,MEATCONSUMP,,A,2005,,96.445,14.574,117.649,19.81,58.198,11.056,26.308,4.998
NOR,MEATCONSUMP,,A,2006,,92.356,13.835,116.148,19.387,63.642,11.985,25.721,4.844
NOR,MEATCONSUMP,,A,2007,,94.884,14.074,125.926,20.813,71.199,13.276,26.237,4.892
NOR,MEATCONSUMP,,A,2008,,98.078,14.39,124.638,20.377,84.858,15.652,26.714,4.927
NOR,MEATCONSUMP,,A,2009,,93.87,13.613,123.848,20.013,82.335,15.011,25.311,4.615
NOR,MEATCONSUMP,,A,2010,,90.707,12.996,127.891,20.417,84.673,15.251,25.821,4.651
NOR,MEATCONSUMP,,A,2011,,94,13.297,131.952,20.799,85.131,15.14,25.043,4.454
NOR,MEATCONSUMP,,A,2012,,97.806,13.655,131.25,20.419,93.743,16.454,25.591,4.492
NOR,MEATCONSUMP,,A,2013,,99.944,13.773,129.326,19.859,106.461,18.444,26.791,4.642
NOR,MEATCONSUMP,,A,2014,,92.735,12.624,131.882,20.004,104.728,17.922,26.536,4.541
NOR,MEATCONSUMP,,A,2015,,104.388,14.053,139.767,20.966,93.963,15.902,27.283,4.617
NOR,MEATCONSUMP,,A,2016,,105.477,14.061,142.106,21.109,100.532,16.848,26.888,4.506
NOR,MEATCONSUMP,,A,2017,,103.732,13.71,141.654,20.862,103.26,17.157,28.255,4.695
NOR,MEATCONSUMP,,A,2018,,98.218,12.88,143.537,20.974,105.021,17.314,27.936,4.606
NOR,MEATCONSUMP,,A,2019,,97.34,12.668,145.023,21.03,108.441,17.741,27.772,4.544
NZL,MEATCONSUMP,,A,1990,,126.565,26.072,47.8,10.972,56.3,14.58,107.451,27.826
NZL,MEATCONSUMP,,A,1991,,118.301,24.03,46.629,10.554,58.3,14.887,116.585,29.771
NZL,MEATCONSUMP,,A,1992,,124.116,24.801,49.262,10.968,60.9,15.298,119.101,29.918
NZL,MEATCONSUMP,,A,1993,,122.977,24.151,52.98,11.593,68.2,16.837,86.886,21.451
NZL,MEATCONSUMP,,A,1994,,108.817,21.023,60.636,13.053,75.363,18.304,158.777,38.563
NZL,MEATCONSUMP,,A,1995,,148.142,28.218,58.539,12.425,92.992,22.268,125.398,30.028
NZL,MEATCONSUMP,,A,1996,,154.307,29.057,59.61,12.508,91.078,21.561,64.154,15.187
NZL,MEATCONSUMP,,A,1997,,135.395,25.258,57.056,11.86,89.122,20.901,111.535,26.157
NZL,MEATCONSUMP,,A,1998,,118.486,21.919,60.675,12.507,97.411,22.654,113.453,26.385
NZL,MEATCONSUMP,,A,1999,,126.249,23.146,65.535,13.388,100.627,23.193,98.623,22.731
NZL,MEATCONSUMP,,A,2000,,128.268,23.267,66.207,13.382,107.678,24.555,111.751,25.484
NZL,MEATCONSUMP,,A,2001,,120.941,21.663,62.869,12.548,117.499,26.459,120.172,27.061
NZL,MEATCONSUMP,,A,2002,,95.98,16.952,65.844,12.959,129.263,28.702,92.807,20.607
NZL,MEATCONSUMP,,A,2003,,133.017,23.15,71.076,13.784,142.042,31.078,111.226,24.336
NZL,MEATCONSUMP,,A,2004,,117.647,20.182,77.669,14.847,149.538,32.25,95.027,20.494
NZL,MEATCONSUMP,,A,2005,,93.037,15.749,79.73,15.039,158.968,33.828,94.876,20.19
NZL,MEATCONSUMP,,A,2006,,102.777,17.187,85.928,16.012,152.855,32.135,90.616,19.05
NZL,MEATCONSUMP,,A,2007,,121.514,20.094,87.282,16.083,146.479,30.451,83.385,17.335
NZL,MEATCONSUMP,,A,2008,,123.107,20.143,88.121,16.066,147.1,30.258,65.774,13.529
NZL,MEATCONSUMP,,A,2009,,109.807,17.779,88.201,15.913,139.034,28.3,31.366,6.384
NZL,MEATCONSUMP,,A,2010,,107.158,17.165,82.973,14.81,142.92,28.78,29.341,5.909
NZL,MEATCONSUMP,,A,2011,,104.29,16.522,90.515,15.978,148.207,29.516,27.874,5.551
NZL,MEATCONSUMP,,A,2012,,100.723,15.779,92.282,16.108,165.116,32.517,28.182,5.55
NZL,MEATCONSUMP,,A,2013,,102.525,15.883,92.07,15.894,165.932,32.316,31.55,6.144
NZL,MEATCONSUMP,,A,2014,,100.496,15.402,95.83,16.365,173.553,33.438,32.55,6.271
NZL,MEATCONSUMP,,A,2015,,91.391,13.864,105.226,17.787,176.796,33.715,30.767,5.867
NZL,MEATCONSUMP,,A,2016,,83.324,12.519,104.242,17.451,197.744,37.348,29.215,5.518
NZL,MEATCONSUMP,,A,2017,,81.026,12.063,111.971,18.574,206.085,38.57,28.282,5.293
NZL,MEATCONSUMP,,A,2018,,80.207,11.837,115.135,18.934,213.546,39.619,22.853,4.24
NZL,MEATCONSUMP,,A,2019,,79.32,11.609,116.128,18.938,223.395,41.101,19.547,3.596
OECD,MEATCONSUMP,,A,1990,,25181.53,15.357,31095.414,21.185,22454.618,17.268,2927.749,2.244
OECD,MEATCONSUMP,,A,1991,,26492.964,16.037,32073.171,21.683,23197.724,17.642,2923.813,2.228
OECD,MEATCONSUMP,,A,1992,,26351.469,15.836,32910.682,22.079,24429.404,18.638,2881.323,2.186
OECD,MEATCONSUMP,,A,1993,,26029.995,15.513,32909.205,21.911,25148.553,18.749,2789.024,2.101
OECD,MEATCONSUMP,,A,1994,,26593.551,15.72,33391.897,22.066,26347.923,19.646,2774.188,2.078
OECD,MEATCONSUMP,,A,1995,,26740.223,15.684,33416.716,21.921,27292.072,20.13,2729.11,2.031
OECD,MEATCONSUMP,,A,1996,,26960.373,15.739,33188.391,21.616,27814.865,20.576,2617.24,1.925
OECD,MEATCONSUMP,,A,1997,,26930.41,15.629,33032.134,21.364,28688.983,20.619,2620.646,1.911
OECD,MEATCONSUMP,,A,1998,,27284.684,15.719,35017.74,22.491,29710.263,21.461,2661.545,1.932
OECD,MEATCONSUMP,,A,1999,,27461.399,15.719,34949.203,22.293,30869.799,22.164,2666.218,1.924
OECD,MEATCONSUMP,,A,2000,,28093.131,15.971,34964.939,22.15,32038.452,22.898,2734.877,1.955
OECD,MEATCONSUMP,,A,2001,,27303.297,15.415,35593.273,22.392,33335.126,23.66,2582.523,1.833
OECD,MEATCONSUMP,,A,2002,,28200.164,15.811,36419.174,22.753,34923.558,24.616,2531.634,1.784
OECD,MEATCONSUMP,,A,2003,,27700.164,15.423,36730.075,22.788,35135.332,24.593,2512.345,1.759
OECD,MEATCONSUMP,,A,2004,,28172.468,15.577,36470.296,22.469,35993.479,25.019,2500.254,1.738
OECD,MEATCONSUMP,,A,2005,,28097.545,15.427,36349.482,22.238,37328.291,25.765,2491.143,1.719
OECD,MEATCONSUMP,,A,2006,,28340.32,15.45,36775.237,22.34,37655.905,25.808,2488.725,1.706
OECD,MEATCONSUMP,,A,2007,,28639.696,15.503,38192.962,23.037,38353.349,26.1,2478.68,1.687
OECD,MEATCONSUMP,,A,2008,,27989.708,15.045,37455.24,22.434,38782.813,26.207,2328.777,1.574
OECD,MEATCONSUMP,,A,2009,,27525.573,14.694,37367.649,22.228,38590.778,25.898,2190.99,1.47
OECD,MEATCONSUMP,,A,2010,,27719.203,14.698,37395.788,22.096,39856.794,26.569,2016.536,1.344
OECD,MEATCONSUMP,,A,2011,,27147.678,14.303,36994.227,21.718,40814.3,27.032,1985.23,1.315
OECD,MEATCONSUMP,,A,2012,,27128.593,14.204,36994.355,21.583,40983.02,26.975,1939.735,1.277
OECD,MEATCONSUMP,,A,2013,,26991.919,14.048,37106.138,21.518,41337.447,27.045,1974.489,1.292
OECD,MEATCONSUMP,,A,2014,,26713.543,13.822,37633.67,21.698,42654.814,27.746,1995.822,1.298
OECD,MEATCONSUMP,,A,2015,,26900.661,13.841,39271.219,22.515,44885.111,29.033,2101.949,1.36
OECD,MEATCONSUMP,,A,2016,,27631.311,14.14,39537.609,22.545,46284.915,29.776,2072.514,1.333
OECD,MEATCONSUMP,,A,2017,,28011.086,14.259,39932.328,22.651,46965.583,30.056,2039.413,1.305
OECD,MEATCONSUMP,,A,2018,,28667.528,14.521,40774.197,23.014,48185.516,30.686,2067.518,1.317
OECD,MEATCONSUMP,,A,2019,,28701.939,14.472,40977.516,23.022,49416.403,31.323,2017.6,1.279
PAK,MEATCONSUMP,,A,1990,,666.745,4.334,0,0,160.705,1.313,483.985,3.955
PAK,MEATCONSUMP,,A,1991,,695.753,4.398,0,0,154.9,1.231,518.994,4.125
PAK,MEATCONSUMP,,A,1992,,730.875,4.498,0,0,173.16,1.34,555.943,4.301
PAK,MEATCONSUMP,,A,1993,,767.64,4.603,0,0,269.29,2.03,594.847,4.484
PAK,MEATCONSUMP,,A,1994,,806.913,4.716,0,0,300.42,2.207,636.935,4.68
PAK,MEATCONSUMP,,A,1995,,846.77,4.826,0,0,312.55,2.239,683.12,4.894
PAK,MEATCONSUMP,,A,1996,,716.795,3.984,0.017,0,359.701,2.513,433.492,3.029
PAK,MEATCONSUMP,,A,1997,,826.816,4.484,0.001,0,391.673,2.67,434.009,2.959
PAK,MEATCONSUMP,,A,1998,,845.903,4.477,0.003,0,288.689,1.921,444.878,2.96
PAK,MEATCONSUMP,,A,1999,,866.759,4.481,0.003,0,314.771,2.046,455.275,2.959
PAK,MEATCONSUMP,,A,2000,,886,4.477,0,0,331.995,2.109,463.708,2.946
PAK,MEATCONSUMP,,A,2001,,908,4.489,0,0,343.96,2.138,478.615,2.974
PAK,MEATCONSUMP,,A,2002,,931,4.505,0,0,359.843,2.189,491.214,2.988
PAK,MEATCONSUMP,,A,2003,,950.996,4.507,0.014,0,377.229,2.248,501.425,2.987
PAK,MEATCONSUMP,,A,2004,,977.485,4.538,0.013,0,383.281,2.237,513.344,2.996
PAK,MEATCONSUMP,,A,2005,,1003.985,4.566,0.192,0.001,389.039,2.224,526.69,3.011
PAK,MEATCONSUMP,,A,2006,,1305.157,5.816,0.192,0.001,517.682,2.9,392.873,2.201
PAK,MEATCONSUMP,,A,2007,,1342.631,5.862,0.022,0,558.844,3.067,400.807,2.2
PAK,MEATCONSUMP,,A,2008,,1376.185,5.887,0.051,0,605.742,3.257,410.328,2.207
PAK,MEATCONSUMP,,A,2009,,1418.449,5.944,0.051,0,661.414,3.484,416.462,2.194
PAK,MEATCONSUMP,,A,2010,,1461.766,5.999,0.051,0,732.712,3.78,421.984,2.177
PAK,MEATCONSUMP,,A,2011,,1512.493,6.078,0.021,0,792.738,4.005,427.377,2.159
PAK,MEATCONSUMP,,A,2012,,1552.379,6.108,0.021,0,853.819,4.223,434.782,2.151
PAK,MEATCONSUMP,,A,2013,,1607.803,6.194,0.021,0,920.279,4.457,456.375,2.21
PAK,MEATCONSUMP,,A,2014,,1650.863,6.228,0.021,0,1008.986,4.785,461.196,2.187
PAK,MEATCONSUMP,,A,2015,,1695.116,6.266,0.011,0,1102.455,5.123,468.794,2.178
PAK,MEATCONSUMP,,A,2016,,1762.41,6.385,0.028,0,1200.769,5.469,458.963,2.091
PAK,MEATCONSUMP,,A,2017,,1833.358,6.514,0.098,0,1302.664,5.819,467.084,2.086
PAK,MEATCONSUMP,,A,2018,,1850.668,6.451,0.098,0,1409.376,6.176,469.692,2.058
PAK,MEATCONSUMP,,A,2019,,1868.078,6.391,0.098,0,1529.425,6.578,471.4,2.028
PER,MEATCONSUMP,,A,1990,,123.485,3.96,66.523,2.377,249.119,10.044,35.224,1.42
PER,MEATCONSUMP,,A,1991,,119.545,3.755,68.876,2.411,295.55,11.672,29.235,1.155
PER,MEATCONSUMP,,A,1992,,114.763,3.533,73.096,2.508,322.876,12.496,28.559,1.105
PER,MEATCONSUMP,,A,1993,,113.035,3.413,75.651,2.545,306.183,11.622,26.913,1.022
PER,MEATCONSUMP,,A,1994,,107.456,3.185,78.106,2.579,320.485,11.941,25.937,0.966
PER,MEATCONSUMP,,A,1995,,116.342,3.388,80.504,2.612,357.581,13.09,26.556,0.972
PER,MEATCONSUMP,,A,1996,,119.363,3.419,83.494,2.665,391.461,14.095,27.003,0.972
PER,MEATCONSUMP,,A,1997,,128.556,3.625,86.98,2.733,441.948,15.665,28.177,0.999
PER,MEATCONSUMP,,A,1998,,130.955,3.638,71.25,2.205,473.159,16.523,29.009,1.013
PER,MEATCONSUMP,,A,1999,,139.358,3.816,66.462,2.028,504.828,17.38,36.91,1.271
PER,MEATCONSUMP,,A,2000,,133.332,3.602,91.977,2.768,519.854,17.653,37.611,1.277
PER,MEATCONSUMP,,A,2001,,133.345,3.554,93.325,2.772,524.866,17.588,38.124,1.278
PER,MEATCONSUMP,,A,2002,,138.794,3.652,92.823,2.722,563.91,18.655,37.264,1.233
PER,MEATCONSUMP,,A,2003,,144.617,3.758,93.163,2.698,584.988,19.11,38.254,1.25
PER,MEATCONSUMP,,A,2004,,149.844,3.846,99.369,2.842,584.297,18.853,40.212,1.298
PER,MEATCONSUMP,,A,2005,,158.933,4.029,105.357,2.976,657.422,20.953,40.342,1.286
PER,MEATCONSUMP,,A,2006,,166.307,4.165,110.223,3.076,717.81,22.6,40.656,1.28
PER,MEATCONSUMP,,A,2007,,168.143,4.16,116.067,3.2,779.576,24.248,40.519,1.26
PER,MEATCONSUMP,,A,2008,,167.637,4.097,116.883,3.183,886.739,27.244,39.77,1.222
PER,MEATCONSUMP,,A,2009,,168.917,4.077,116.864,3.143,980.033,29.737,39.614,1.202
PER,MEATCONSUMP,,A,2010,,177.063,4.22,120.157,3.191,1041.456,31.201,39.803,1.193
PER,MEATCONSUMP,,A,2011,,183.99,4.328,121.779,3.192,1124.777,33.26,40.41,1.195
PER,MEATCONSUMP,,A,2012,,191.698,4.449,127.866,3.307,1234.81,36.03,41.553,1.213
PER,MEATCONSUMP,,A,2013,,199.463,4.568,134.132,3.423,1282.896,36.935,41.35,1.191
PER,MEATCONSUMP,,A,2014,,201.895,4.563,143.217,3.607,1344.733,38.206,40.593,1.153
PER,MEATCONSUMP,,A,2015,,201.972,4.506,153.408,3.814,1361.374,38.182,39.068,1.096
PER,MEATCONSUMP,,A,2016,,198.276,4.368,159.444,3.914,1454.969,40.296,39.786,1.102
PER,MEATCONSUMP,,A,2017,,194.311,4.229,169.196,4.103,1524.374,41.705,39,1.067
PER,MEATCONSUMP,,A,2018,,197.244,4.242,172.412,4.131,1644.854,44.467,39.004,1.054
PER,MEATCONSUMP,,A,2019,,198.074,4.21,174.396,4.13,1696.6,45.334,39.004,1.042
PHL,MEATCONSUMP,,A,1990,,138.689,1.567,684.805,8.623,241.965,3.437,27.187,0.386
PHL,MEATCONSUMP,,A,1991,,139.571,1.538,701.7,8.618,287.214,3.98,25.037,0.347
PHL,MEATCONSUMP,,A,1992,,148.742,1.6,658.555,7.894,307.572,4.159,26.649,0.36
PHL,MEATCONSUMP,,A,1993,,160.565,1.686,731.053,8.555,364.015,4.806,28.599,0.378
PHL,MEATCONSUMP,,A,1994,,180.846,1.855,757.381,8.658,381.41,4.919,30.255,0.39
PHL,MEATCONSUMP,,A,1995,,211.252,2.118,814.234,9.094,420.051,5.293,30.809,0.388
PHL,MEATCONSUMP,,A,1996,,239.302,2.345,1042.95,11.386,475.907,5.862,30.674,0.378
PHL,MEATCONSUMP,,A,1997,,281.112,2.693,1097.913,11.721,518.622,6.246,31.047,0.374
PHL,MEATCONSUMP,,A,1998,,281.13,2.635,1144.613,11.953,518.517,6.109,31.539,0.372
PHL,MEATCONSUMP,,A,1999,,345.737,3.17,1212.756,12.392,548.425,6.322,33.666,0.388
PHL,MEATCONSUMP,,A,2000,,375.578,3.371,1249.843,12.5,577.633,6.518,34.25,0.387
PHL,MEATCONSUMP,,A,2001,,358.324,3.149,1298.557,12.714,627.299,6.929,34.139,0.377
PHL,MEATCONSUMP,,A,2002,,378.514,3.257,1371.061,13.146,669.76,7.245,34.114,0.369
PHL,MEATCONSUMP,,A,2003,,379.028,3.195,1405.071,13.199,680.552,7.213,33.567,0.356
PHL,MEATCONSUMP,,A,2004,,409.821,3.388,1387.795,12.783,706.108,7.338,34.061,0.354
PHL,MEATCONSUMP,,A,2005,,377.311,3.061,1436.705,12.989,703.447,7.175,36.621,0.374
PHL,MEATCONSUMP,,A,2006,,377.616,3.01,1583.794,14.069,720.632,7.222,45.527,0.456
PHL,MEATCONSUMP,,A,2007,,428.881,3.362,1637.609,14.305,817.662,8.058,50.137,0.494
PHL,MEATCONSUMP,,A,2008,,432.853,3.339,1645.627,14.144,887.99,8.611,53.893,0.523
PHL,MEATCONSUMP,,A,2009,,402.242,3.053,1680.532,14.214,916.297,8.744,55.034,0.525
PHL,MEATCONSUMP,,A,2010,,426.397,3.185,1726.481,14.368,993.1,9.324,56.092,0.527
PHL,MEATCONSUMP,,A,2011,,413.682,3.039,1727.36,14.141,1056.152,9.755,56.272,0.52
PHL,MEATCONSUMP,,A,2012,,405.417,2.93,1740.165,14.012,1159.935,10.538,54.963,0.499
PHL,MEATCONSUMP,,A,2013,,401.413,2.853,1791.477,14.189,1211.258,10.824,55.296,0.494
PHL,MEATCONSUMP,,A,2014,,438.969,3.07,1801.821,14.04,1310.654,11.522,56.239,0.494
PHL,MEATCONSUMP,,A,2015,,437.5,3.011,1872.125,14.356,1412.16,12.217,57.476,0.497
PHL,MEATCONSUMP,,A,2016,,462.931,3.136,1967.761,14.855,1472.403,12.541,58.781,0.501
PHL,MEATCONSUMP,,A,2017,,473.854,3.162,1973.457,14.671,1523.963,12.782,61.046,0.512
PHL,MEATCONSUMP,,A,2018,,480.972,3.161,2043.518,14.965,1595.23,13.18,61.76,0.51
PHL,MEATCONSUMP,,A,2019,,486.836,3.152,2109.7,15.222,1656.861,13.487,61.76,0.503
PRY,MEATCONSUMP,,A,1990,,85.842,14.26,118.133,21.868,24.724,5.163,3.421,0.715
PRY,MEATCONSUMP,,A,1991,,175.617,28.434,120.545,21.748,18.608,3.788,3.333,0.678
PRY,MEATCONSUMP,,A,1992,,201.174,31.769,126.485,22.257,20.166,4.003,3.238,0.643
PRY,MEATCONSUMP,,A,1993,,192.905,29.731,126.791,21.774,22.108,4.284,3.273,0.634
PRY,MEATCONSUMP,,A,1994,,193.516,29.124,127.824,21.436,30.855,5.838,3.31,0.626
PRY,MEATCONSUMP,,A,1995,,203.836,29.971,130.159,21.325,33.791,6.246,3.139,0.58
PRY,MEATCONSUMP,,A,1996,,198.635,28.547,116.122,18.596,34.485,6.231,3.132,0.566
PRY,MEATCONSUMP,,A,1997,,197.714,27.789,118.068,18.491,36.631,6.473,3.182,0.562
PRY,MEATCONSUMP,,A,1998,,192.529,26.481,119.445,18.306,38.049,6.579,3.388,0.586
PRY,MEATCONSUMP,,A,1999,,224.538,30.244,120.668,18.111,41.966,7.106,3.438,0.582
PRY,MEATCONSUMP,,A,2000,,181.63,23.977,157.318,23.141,34.889,5.79,3.264,0.542
PRY,MEATCONSUMP,,A,2001,,173.591,22.475,143.545,20.709,38.178,6.214,3.248,0.529
PRY,MEATCONSUMP,,A,2002,,215.748,27.416,150.61,21.326,38.213,6.105,3.273,0.523
PRY,MEATCONSUMP,,A,2003,,181.92,22.708,84.275,11.722,38.951,6.112,3.234,0.508
PRY,MEATCONSUMP,,A,2004,,108.571,13.325,155.949,21.326,43.036,6.64,3.661,0.565
PRY,MEATCONSUMP,,A,2005,,71.485,8.634,150.955,20.317,43.014,6.531,3.287,0.499
PRY,MEATCONSUMP,,A,2006,,79.198,9.424,154.388,20.47,46.582,6.968,3.403,0.509
PRY,MEATCONSUMP,,A,2007,,86.7,10.172,147.847,19.329,31.118,4.59,3.285,0.485
PRY,MEATCONSUMP,,A,2008,,88.974,10.299,143.466,18.505,37.937,5.521,3.2,0.466
PRY,MEATCONSUMP,,A,2009,,88.075,10.061,144.416,18.382,37.114,5.33,3.435,0.493
PRY,MEATCONSUMP,,A,2010,,82.487,9.298,161.47,20.282,36.052,5.109,3.59,0.509
PRY,MEATCONSUMP,,A,2011,,167.884,18.672,166.165,20.593,40.665,5.686,3.67,0.513
PRY,MEATCONSUMP,,A,2012,,72.583,7.965,169.407,20.714,41.912,5.782,3.755,0.518
PRY,MEATCONSUMP,,A,2013,,85.952,9.305,176.127,21.247,43.463,5.915,3.795,0.517
PRY,MEATCONSUMP,,A,2014,,109.653,11.714,180.381,21.472,43.878,5.893,3.834,0.515
PRY,MEATCONSUMP,,A,2015,,93.023,9.808,184.429,21.668,43.966,5.828,3.693,0.49
PRY,MEATCONSUMP,,A,2016,,112.329,11.692,188.828,21.9,42.316,5.537,3.927,0.514
PRY,MEATCONSUMP,,A,2017,,137.615,14.143,190.64,21.831,41.384,5.347,3.984,0.515
PRY,MEATCONSUMP,,A,2018,,125.311,12.718,191.336,21.639,41.522,5.298,3.93,0.502
PRY,MEATCONSUMP,,A,2019,,120.187,12.05,193,21.561,42.448,5.35,3.93,0.495
RUS,MEATCONSUMP,,A,1990,,0,0,0,0,0,0,0,0
RUS,MEATCONSUMP,,A,1991,,0,0,0,0,0,0,0,0
RUS,MEATCONSUMP,,A,1992,,4278.848,20.201,0,0,1484.034,8.808,348.367,2.068
RUS,MEATCONSUMP,,A,1993,,4006.307,18.901,2792.227,14.679,1455.22,8.631,371.909,2.206
RUS,MEATCONSUMP,,A,1994,,3805.007,17.954,2514.14,13.219,1767.4,10.484,317.324,1.882
RUS,MEATCONSUMP,,A,1995,,3304.497,15.605,2378.134,12.514,1829.7,10.863,291.464,1.73
RUS,MEATCONSUMP,,A,1996,,3201.924,15.142,2216.252,11.679,1943.316,11.553,238.658,1.419
RUS,MEATCONSUMP,,A,1997,,3219.442,15.255,2239.944,11.827,2082.973,12.408,217.003,1.293
RUS,MEATCONSUMP,,A,1998,,2947.76,14.003,2216.9,11.734,1896.369,11.325,191.276,1.142
RUS,MEATCONSUMP,,A,1999,,2508.128,11.95,2018,10.714,1888.57,11.312,146.207,0.876
RUS,MEATCONSUMP,,A,2000,,2146.845,10.265,1791.508,9.545,1464.899,8.805,142.092,0.854
RUS,MEATCONSUMP,,A,2001,,2338.327,11.224,1913.071,10.232,2153.506,12.995,135.598,0.818
RUS,MEATCONSUMP,,A,2002,,2481.506,11.962,2226.72,11.96,2337.123,14.163,139.443,0.845
RUS,MEATCONSUMP,,A,2003,,2524.366,12.219,2109.241,11.377,2319.246,14.113,136.143,0.829
RUS,MEATCONSUMP,,A,2004,,2487.536,12.085,2171.142,11.754,2355.54,14.387,145.717,0.89
RUS,MEATCONSUMP,,A,2005,,2607.293,12.703,2381.957,12.932,2776.843,17.008,161.075,0.987
RUS,MEATCONSUMP,,A,2006,,2467,12.042,2574.325,14.002,2951.226,18.11,169.768,1.042
RUS,MEATCONSUMP,,A,2007,,2721.951,13.3,3045.058,16.579,3265.123,20.056,179.142,1.1
RUS,MEATCONSUMP,,A,2008,,2929.764,14.317,3329.991,18.132,3479.081,21.373,205.258,1.261
RUS,MEATCONSUMP,,A,2009,,2652.627,12.955,3202.871,17.43,3551.915,21.808,190.957,1.172
RUS,MEATCONSUMP,,A,2010,,2591.245,12.642,3087.74,16.786,3561.354,21.843,193.377,1.186
RUS,MEATCONSUMP,,A,2011,,2747.424,13.383,3411.927,18.52,3709.108,22.714,200.824,1.23
RUS,MEATCONSUMP,,A,2012,,2861.387,13.91,3363.74,18.221,4225.121,25.821,199.274,1.218
RUS,MEATCONSUMP,,A,2013,,2513.937,12.193,3559.835,19.239,4369.633,26.643,199.474,1.216
RUS,MEATCONSUMP,,A,2014,,2461.705,11.912,3334.421,17.978,4563.635,27.761,208.641,1.269
RUS,MEATCONSUMP,,A,2015,,2232.391,10.778,3378.912,18.178,4776.608,28.992,206.098,1.251
RUS,MEATCONSUMP,,A,2016,,2080.308,10.024,3572.59,19.182,4759.522,28.831,215.817,1.307
RUS,MEATCONSUMP,,A,2017,,2046.123,9.842,3738.69,20.038,5034.422,30.442,217.77,1.317
RUS,MEATCONSUMP,,A,2018,,2081.058,9.996,3727.922,19.953,5039.197,30.429,213.729,1.291
RUS,MEATCONSUMP,,A,2019,,2098.465,10.07,3849.082,20.582,5076.07,30.622,211.009,1.273
SAU,MEATCONSUMP,,A,1990,,70.37,3.017,0,0,475.191,25.612,105.132,5.667
SAU,MEATCONSUMP,,A,1991,,83.171,3.452,0,0,525.059,27.393,109.555,5.716
SAU,MEATCONSUMP,,A,1992,,87.691,3.532,0,0,473.659,23.984,116.804,5.915
SAU,MEATCONSUMP,,A,1993,,50.697,1.987,0,0,450.339,22.19,152.509,7.515
SAU,MEATCONSUMP,,A,1994,,54.844,2.097,0,0,432.053,20.764,136.885,6.579
SAU,MEATCONSUMP,,A,1995,,96.66,3.611,0,0,565.801,26.575,154.471,7.255
SAU,MEATCONSUMP,,A,1996,,67.145,2.457,0,0,548.728,25.24,151.651,6.976
SAU,MEATCONSUMP,,A,1997,,64.602,2.318,0,0,617.672,27.867,148.499,6.7
SAU,MEATCONSUMP,,A,1998,,81.996,2.887,0,0,700.823,31.019,141.307,6.254
SAU,MEATCONSUMP,,A,1999,,59.836,2.064,0,0,780.345,33.837,146.3,6.344
SAU,MEATCONSUMP,,A,2000,,84.595,2.852,2.1,0.079,814.724,34.528,155.152,6.575
SAU,MEATCONSUMP,,A,2001,,52.854,1.737,2.776,0.102,890.329,36.777,142.014,5.866
SAU,MEATCONSUMP,,A,2002,,85.015,2.717,2.6,0.093,862.936,34.665,144.01,5.785
SAU,MEATCONSUMP,,A,2003,,86.748,2.692,2.274,0.079,880.611,34.356,151.371,5.906
SAU,MEATCONSUMP,,A,2004,,108.295,3.264,2.49,0.084,829.991,31.443,154.396,5.849
SAU,MEATCONSUMP,,A,2005,,102.274,2.995,4.741,0.155,976.389,35.942,168.003,6.184
SAU,MEATCONSUMP,,A,2006,,132.143,3.764,4.147,0.132,947.117,33.911,147.575,5.284
SAU,MEATCONSUMP,,A,2007,,144.965,4.018,5.409,0.167,1003.039,34.954,157.637,5.493
SAU,MEATCONSUMP,,A,2008,,148.849,4.017,0.023,0.001,1077.171,36.541,138.459,4.697
SAU,MEATCONSUMP,,A,2009,,153.224,4.023,0.052,0.002,1180.693,38.97,131.035,4.325
SAU,MEATCONSUMP,,A,2010,,171.751,4.384,6.21,0.177,1237.304,39.701,155.655,4.995
SAU,MEATCONSUMP,,A,2011,,168.97,4.189,8.605,0.238,1238.449,38.595,172.587,5.378
SAU,MEATCONSUMP,,A,2012,,186.138,4.48,9.196,0.247,1239.501,37.501,182.214,5.513
SAU,MEATCONSUMP,,A,2013,,182.426,4.265,4.631,0.121,1414.464,41.568,184.996,5.437
SAU,MEATCONSUMP,,A,2014,,179.586,4.085,7.9,0.2,1435.249,41.038,197.798,5.656
SAU,MEATCONSUMP,,A,2015,,196.103,4.35,7.993,0.198,1539.566,42.932,200.988,5.605
SAU,MEATCONSUMP,,A,2016,,184.499,4.001,6.983,0.169,1523.632,41.542,172.969,4.716
SAU,MEATCONSUMP,,A,2017,,174.808,3.715,20.913,0.495,1293.805,34.566,174.389,4.659
SAU,MEATCONSUMP,,A,2018,,176.354,3.679,20.908,0.486,1343.429,35.233,168.155,4.41
SAU,MEATCONSUMP,,A,2019,,186.8,3.83,17.9,0.409,1355.132,34.93,171.76,4.427
THA,MEATCONSUMP,,A,1990,,316.45,3.915,336.01,4.632,524.17,8.152,1.325,0.021
THA,MEATCONSUMP,,A,1991,,318.915,3.899,400.503,5.456,699.791,10.755,1.414,0.022
THA,MEATCONSUMP,,A,1992,,316.184,3.827,432.791,5.837,849.797,12.93,1.691,0.026
THA,MEATCONSUMP,,A,1993,,337.227,4.045,457.627,6.116,878.261,13.242,1.31,0.02
THA,MEATCONSUMP,,A,1994,,274.1,3.258,487.9,6.461,814.6,12.17,1.2,0.018
THA,MEATCONSUMP,,A,1995,,359.024,4.224,486.05,6.373,812.46,12.018,1.1,0.016
THA,MEATCONSUMP,,A,1996,,323.1,3.76,509.64,6.609,857.526,12.545,0.818,0.012
THA,MEATCONSUMP,,A,1997,,284.432,3.271,530.495,6.799,840.284,12.149,0.852,0.012
THA,MEATCONSUMP,,A,1998,,251.973,2.864,463.712,5.872,900.182,12.86,0.93,0.013
THA,MEATCONSUMP,,A,1999,,228.252,2.564,450.025,5.634,798.487,11.278,0.925,0.013
THA,MEATCONSUMP,,A,2000,,199.355,2.217,685.529,8.493,747.168,10.444,1.027,0.014
THA,MEATCONSUMP,,A,2001,,146.619,1.615,687.819,8.443,752.542,10.422,1.391,0.019
THA,MEATCONSUMP,,A,2002,,140.815,1.538,770.875,9.384,685.014,9.408,1.318,0.018
THA,MEATCONSUMP,,A,2003,,142.679,1.547,852.624,10.302,722.963,9.855,1.414,0.019
THA,MEATCONSUMP,,A,2004,,152.129,1.638,863.707,10.364,588.646,7.969,1.93,0.026
THA,MEATCONSUMP,,A,2005,,152.806,1.635,896.29,10.686,760.001,10.222,2.069,0.028
THA,MEATCONSUMP,,A,2006,,161.593,1.718,975.404,11.558,677.175,9.053,1.992,0.027
THA,MEATCONSUMP,,A,2007,,180.68,1.911,990.664,11.673,760.037,10.104,2.492,0.033
THA,MEATCONSUMP,,A,2008,,168.672,1.774,879.579,10.31,630.206,8.334,2.38,0.032
THA,MEATCONSUMP,,A,2009,,170.544,1.785,855.298,9.975,636.014,8.368,2.232,0.029
THA,MEATCONSUMP,,A,2010,,189.666,1.975,879.673,10.209,631.311,8.266,2.292,0.03
THA,MEATCONSUMP,,A,2011,,170.786,1.77,859.597,9.929,626.926,8.17,2.693,0.035
THA,MEATCONSUMP,,A,2012,,156.316,1.613,923.645,10.619,748.085,9.703,2.982,0.039
THA,MEATCONSUMP,,A,2013,,150.943,1.551,941.23,10.774,979.76,12.653,3.3,0.043
THA,MEATCONSUMP,,A,2014,,144.058,1.474,923.449,10.528,1068.013,13.737,3.304,0.043
THA,MEATCONSUMP,,A,2015,,125.86,1.283,913.002,10.372,814.929,10.445,3.376,0.043
THA,MEATCONSUMP,,A,2016,,128.644,1.308,895.96,10.148,695.088,8.883,3.705,0.047
THA,MEATCONSUMP,,A,2017,,136.998,1.389,882.611,9.972,619.814,7.901,3.385,0.043
THA,MEATCONSUMP,,A,2018,,129.105,1.306,878.045,9.899,651.583,8.288,3.681,0.047
THA,MEATCONSUMP,,A,2019,,121.7,1.229,876.4,9.863,616.257,7.825,3.285,0.042
TUR,MEATCONSUMP,,A,1990,,381.679,4.955,0.403,0.006,414.6,6.766,362.888,5.922
TUR,MEATCONSUMP,,A,1991,,372.965,4.761,0.375,0.005,414.312,6.648,363.517,5.833
TUR,MEATCONSUMP,,A,1992,,337.77,4.241,0.3,0.004,440.303,6.95,360.266,5.687
TUR,MEATCONSUMP,,A,1993,,334.276,4.13,0.214,0.003,459.047,7.13,359.373,5.582
TUR,MEATCONSUMP,,A,1994,,311.091,3.783,0.341,0.005,477.271,7.296,324.564,4.962
TUR,MEATCONSUMP,,A,1995,,309.377,3.703,0.341,0.005,501.3,7.543,408.504,6.146
TUR,MEATCONSUMP,,A,1996,,323.286,3.808,0.11,0.001,427.022,6.324,364.842,5.403
TUR,MEATCONSUMP,,A,1997,,384.984,4.464,0.086,0.001,475.715,6.934,376.097,5.482
TUR,MEATCONSUMP,,A,1998,,363.564,4.15,0.13,0.002,497.289,7.136,372.194,5.341
TUR,MEATCONSUMP,,A,1999,,354.702,3.986,0.112,0.001,604.874,8.546,366.643,5.18
TUR,MEATCONSUMP,,A,2000,,358.152,3.964,0.197,0.002,666.018,9.268,372.987,5.19
TUR,MEATCONSUMP,,A,2001,,333.564,3.638,0.038,0.001,613.305,8.408,350.544,4.806
TUR,MEATCONSUMP,,A,2002,,328.653,3.532,0.1,0.001,710.99,9.605,332.488,4.492
TUR,MEATCONSUMP,,A,2003,,301.214,3.191,0.1,0.001,884.585,11.779,311.996,4.155
TUR,MEATCONSUMP,,A,2004,,375.915,3.927,0,0,889.437,11.681,318.008,4.176
TUR,MEATCONSUMP,,A,2005,,327.208,3.373,0,0,936.972,12.143,315.052,4.083
TUR,MEATCONSUMP,,A,2006,,346.096,3.523,0,0,897.479,11.486,315.145,4.033
TUR,MEATCONSUMP,,A,2007,,431.933,4.344,0,0,1050.061,13.277,322.922,4.083
TUR,MEATCONSUMP,,A,2008,,374.954,3.726,0,0,1046.84,13.078,320.159,4
TUR,MEATCONSUMP,,A,2009,,322.077,3.16,0,0,1211.013,14.938,299.6,3.696
TUR,MEATCONSUMP,,A,2010,,659.916,6.387,0,0,1336.552,16.262,274.597,3.341
TUR,MEATCONSUMP,,A,2011,,742.358,7.079,0,0,1410.726,16.911,295.395,3.541
TUR,MEATCONSUMP,,A,2012,,803.841,7.546,0,0,1457.105,17.195,322.073,3.801
TUR,MEATCONSUMP,,A,2013,,851.696,7.867,0,0,1428.171,16.583,351.261,4.079
TUR,MEATCONSUMP,,A,2014,,867.409,7.882,0,0,1531.979,17.501,379.245,4.333
TUR,MEATCONSUMP,,A,2015,,1030.598,9.217,0,0,1619.416,18.207,405.062,4.554
TUR,MEATCONSUMP,,A,2016,,1061.198,9.342,0,0,1601.654,17.726,406.951,4.504
TUR,MEATCONSUMP,,A,2017,,991.887,8.599,0,0,1758.351,19.163,401.485,4.376
TUR,MEATCONSUMP,,A,2018,,1151.432,9.839,0,0,1733.571,18.623,400.985,4.308
TUR,MEATCONSUMP,,A,2019,,1122.8,9.474,0,0,1796.786,19.059,401.985,4.264
UKR,MEATCONSUMP,,A,1990,,1985.4,0,1576.3,0,708.4,0,45.8,0
UKR,MEATCONSUMP,,A,1991,,1877.6,0,1421.1,0,654.4,0,39.7,0
UKR,MEATCONSUMP,,A,1992,,1521.645,20.716,1167.852,17.716,499.2,8.544,35,0.599
UKR,MEATCONSUMP,,A,1993,,1286.14,17.544,1008.413,15.327,363.725,6.237,30,0.514
UKR,MEATCONSUMP,,A,1994,,1158.696,15.857,860.378,13.12,264.836,4.556,42.636,0.734
UKR,MEATCONSUMP,,A,1995,,981.644,13.499,805.202,12.338,235.092,4.064,38.185,0.66
UKR,MEATCONSUMP,,A,1996,,796.546,11.023,787.519,12.144,308.762,5.372,31.235,0.543
UKR,MEATCONSUMP,,A,1997,,782.87,10.919,700.685,10.89,241.619,4.237,23.724,0.416
UKR,MEATCONSUMP,,A,1998,,681.26,9.586,676.503,10.607,251.17,4.443,20.578,0.364
UKR,MEATCONSUMP,,A,1999,,648.542,9.21,638.704,10.107,291.719,5.208,18.875,0.337
UKR,MEATCONSUMP,,A,2000,,831.1,11.912,746.022,11.914,244.944,4.413,16.814,0.303
UKR,MEATCONSUMP,,A,2001,,551.617,7.978,592.846,9.554,333.274,6.059,15.22,0.277
UKR,MEATCONSUMP,,A,2002,,562.849,8.212,602.43,9.794,394.917,7.243,16.43,0.301
UKR,MEATCONSUMP,,A,2003,,562.402,8.274,626.32,10.267,444.664,8.224,16.4,0.303
UKR,MEATCONSUMP,,A,2004,,539.893,8.004,599.267,9.9,687.141,12.807,16.475,0.307
UKR,MEATCONSUMP,,A,2005,,552.62,8.249,543.8,9.046,667.269,12.522,16.215,0.304
UKR,MEATCONSUMP,,A,2006,,588.65,8.839,585.207,9.792,772.543,14.584,14.6,0.276
UKR,MEATCONSUMP,,A,2007,,530.023,7.998,710.235,11.943,855.393,16.228,15.3,0.29
UKR,MEATCONSUMP,,A,2008,,500.446,7.585,799.512,13.502,1072.681,20.438,17.116,0.326
UKR,MEATCONSUMP,,A,2009,,446.684,6.798,687.601,11.661,1094.246,20.936,17.801,0.341
UKR,MEATCONSUMP,,A,2010,,419.771,6.417,765.731,13.043,1103.633,21.209,21.103,0.406
UKR,MEATCONSUMP,,A,2011,,393.351,6.041,802.702,13.738,1037.339,20.029,19.604,0.379
UKR,MEATCONSUMP,,A,2012,,376.746,5.815,934.266,16.069,1139.722,22.116,19.718,0.383
UKR,MEATCONSUMP,,A,2013,,407.653,6.325,934.748,16.161,1124.618,21.936,18.719,0.365
UKR,MEATCONSUMP,,A,2014,,391.847,6.111,771.37,13.405,1083.542,21.244,14.41,0.283
UKR,MEATCONSUMP,,A,2015,,350.632,5.496,736.468,12.863,1072.89,21.142,13.695,0.27
UKR,MEATCONSUMP,,A,2016,,339.34,5.345,748.85,13.144,1034.783,20.491,13.403,0.265
UKR,MEATCONSUMP,,A,2017,,316.916,5.016,737.639,13.01,1058.425,21.062,13.503,0.269
UKR,MEATCONSUMP,,A,2018,,316.051,5.027,733.994,13.009,1079.029,21.576,13.803,0.276
UKR,MEATCONSUMP,,A,2019,,289.175,4.622,725.661,12.924,1110,22.304,13.803,0.277
USA,MEATCONSUMP,,A,1990,,11047.425,30.673,7271.306,22.496,10047.99,35.072,180.365,0.63
USA,MEATCONSUMP,,A,1991,,11076.048,30.46,7438.693,22.795,10564.633,36.524,179.985,0.622
USA,MEATCONSUMP,,A,1992,,11145.846,30.359,7927.068,24.06,11079.007,37.937,176.206,0.603
USA,MEATCONSUMP,,A,1993,,11018.411,29.718,7901.17,23.746,11383.821,38.599,172.812,0.586
USA,MEATCONSUMP,,A,1994,,11527.967,30.772,8087.108,24.054,11681.832,39.201,157.085,0.527
USA,MEATCONSUMP,,A,1995,,11726.191,30.956,8059.439,23.708,11768.015,39.055,156.897,0.521
USA,MEATCONSUMP,,A,1996,,11902.566,31.05,7618.093,22.144,12138.6,39.808,151.266,0.496
USA,MEATCONSUMP,,A,1997,,11767.677,30.316,7629.886,21.903,12365.85,40.049,150.776,0.488
USA,MEATCONSUMP,,A,1998,,12051.787,30.658,8304.833,23.541,12618.955,40.355,163.105,0.522
USA,MEATCONSUMP,,A,1999,,12324.702,30.972,8597.4,24.075,13547.46,42.8,162.407,0.513
USA,MEATCONSUMP,,A,2000,,12502.563,31.067,8456.333,23.414,13838.213,43.227,160.538,0.502
USA,MEATCONSUMP,,A,2001,,12351.209,30.378,8387.84,22.988,13981.094,43.229,166.772,0.516
USA,MEATCONSUMP,,A,2002,,12737.932,31.038,8684.944,23.581,14775.789,45.262,172.788,0.529
USA,MEATCONSUMP,,A,2003,,12338.907,29.803,8815.578,23.726,15028.27,45.632,166.535,0.506
USA,MEATCONSUMP,,A,2004,,12667.489,30.33,8816.304,23.522,15485.106,46.611,168.999,0.509
USA,MEATCONSUMP,,A,2005,,12663.362,30.049,8669.975,22.925,15851.712,47.288,161.366,0.481
USA,MEATCONSUMP,,A,2006,,12833.822,30.171,8640.945,22.636,16081.683,47.528,161.473,0.477
USA,MEATCONSUMP,,A,2007,,12841.442,29.903,8966.171,23.265,15976.45,46.769,174.677,0.511
USA,MEATCONSUMP,,A,2008,,12447.318,28.71,8814.218,22.654,16074.879,46.611,155.466,0.451
USA,MEATCONSUMP,,A,2009,,12268.343,28.037,8998.38,22.914,15497.455,44.523,153.591,0.441
USA,MEATCONSUMP,,A,2010,,12032.32,27.257,8656.821,21.851,15990.057,45.536,143.761,0.409
USA,MEATCONSUMP,,A,2011,,11689.672,26.262,8332.955,20.86,16471.319,46.52,133.758,0.378
USA,MEATCONSUMP,,A,2012,,11701.59,26.083,8408.706,20.885,15888.453,44.522,135.839,0.381
USA,MEATCONSUMP,,A,2013,,11569.143,25.595,8684.036,21.408,15938.801,44.33,146.832,0.408
USA,MEATCONSUMP,,A,2014,,11211.285,24.627,8650.017,21.172,16313.923,45.05,158.367,0.437
USA,MEATCONSUMP,,A,2015,,11276.32,24.599,9340.839,22.706,17423.411,47.783,165.402,0.454
USA,MEATCONSUMP,,A,2016,,11678.355,25.308,9476.463,22.883,17773.585,48.421,165.788,0.452
USA,MEATCONSUMP,,A,2017,,12046.112,25.939,9541.327,22.893,18064.791,48.901,177.269,0.48
USA,MEATCONSUMP,,A,2018,,12175.84,26.057,9748.165,23.246,18376.41,49.439,189.068,0.509
USA,MEATCONSUMP,,A,2019,,12374.514,26.324,10126.008,24.002,18733.631,50.098,165.54,0.443
VNM,MEATCONSUMP,,A,1990,,164.316,1.686,712.404,8.147,169.56,2.188,2.79,0.036
VNM,MEATCONSUMP,,A,1991,,165.344,1.661,690.523,7.731,164.67,2.08,2.34,0.03
VNM,MEATCONSUMP,,A,1992,,172.917,1.702,807.69,8.857,175.52,2.172,2.34,0.029
VNM,MEATCONSUMP,,A,1993,,170.8,1.648,858.3,9.226,168.07,2.038,2.648,0.032
VNM,MEATCONSUMP,,A,1994,,175.699,1.664,945.138,9.972,170.05,2.024,3.22,0.038
VNM,MEATCONSUMP,,A,1995,,179.945,1.675,1000.681,10.38,175.22,2.051,4.17,0.049
VNM,MEATCONSUMP,,A,1996,,175.6,1.61,1047.484,10.698,196.597,2.265,4.65,0.054
VNM,MEATCONSUMP,,A,1997,,164.285,1.485,1089.498,10.972,284.956,3.238,4.644,0.053
VNM,MEATCONSUMP,,A,1998,,163.284,1.457,1161.425,11.547,299.736,3.362,4.71,0.053
VNM,MEATCONSUMP,,A,1999,,178.821,1.577,1248.972,12.271,325.44,3.607,4.7,0.052
VNM,MEATCONSUMP,,A,2000,,186,1.622,1404.531,13.646,365.342,4.005,4.825,0.053
VNM,MEATCONSUMP,,A,2001,,194.488,1.678,1487.739,14.302,385.371,4.18,4.917,0.053
VNM,MEATCONSUMP,,A,2002,,200.33,1.711,1639.938,15.608,430.243,4.62,5.439,0.058
VNM,MEATCONSUMP,,A,2003,,205.187,1.736,1786.104,16.836,456.507,4.855,6.077,0.065
VNM,MEATCONSUMP,,A,2004,,224.133,1.878,2268.723,21.186,427.458,4.504,7.914,0.083
VNM,MEATCONSUMP,,A,2005,,264.871,2.199,2277.456,21.07,400.805,4.184,9.297,0.097
VNM,MEATCONSUMP,,A,2006,,304.573,2.506,2597.806,23.812,473.363,4.895,10.652,0.11
VNM,MEATCONSUMP,,A,2007,,406.921,3.316,2564.975,23.294,613.667,6.288,11.599,0.119
VNM,MEATCONSUMP,,A,2008,,520.114,4.199,2786.974,25.071,781.966,7.936,9.724,0.099
VNM,MEATCONSUMP,,A,2009,,621.148,4.966,3062.346,27.278,897.224,9.017,9.548,0.096
VNM,MEATCONSUMP,,A,2010,,586.863,4.643,3047.922,26.871,1092.26,10.864,9.246,0.092
VNM,MEATCONSUMP,,A,2011,,816.874,6.394,3117.908,27.192,1570.368,15.451,8.807,0.087
VNM,MEATCONSUMP,,A,2012,,845.722,6.545,3213.08,27.708,1257.183,12.231,8.07,0.079
VNM,MEATCONSUMP,,A,2013,,1088.585,8.328,3362.623,28.666,1247.536,11.999,9.273,0.089
VNM,MEATCONSUMP,,A,2014,,1332.012,10.075,3518.102,29.652,1351.58,12.852,11.363,0.108
VNM,MEATCONSUMP,,A,2015,,1303.264,9.75,3580.12,29.843,1601.51,15.062,13.336,0.125
VNM,MEATCONSUMP,,A,2016,,1301.019,9.63,3669.954,30.27,1450.986,13.502,13.228,0.123
VNM,MEATCONSUMP,,A,2017,,1444.601,10.584,3736.858,30.508,1291.343,11.894,17.3,0.159
VNM,MEATCONSUMP,,A,2018,,1231.617,8.935,3884.225,31.399,1684.265,15.361,18,0.164
VNM,MEATCONSUMP,,A,2019,,1133.683,8.145,3241.798,25.953,1794.5,16.208,18,0.163
WLD,MEATCONSUMP,,A,1990,,48001.79,6.564,63493.691,9.687,34587.644,5.956,7827.282,1.346
WLD,MEATCONSUMP,,A,1991,,49534.056,6.664,66083.026,9.919,40107.593,6.781,9179.411,1.554
WLD,MEATCONSUMP,,A,1992,,53735.464,6.936,68682.578,9.888,43960.925,7.172,9593.922,1.559
WLD,MEATCONSUMP,,A,1993,,53990.825,6.796,74273.387,10.43,46893.635,7.399,9878.213,1.566
WLD,MEATCONSUMP,,A,1994,,55260.338,6.853,77304.202,10.7,50233.778,7.845,10123.755,1.583
WLD,MEATCONSUMP,,A,1995,,55983.297,6.844,77947.149,10.637,54367.818,8.356,10339.137,1.594
WLD,MEATCONSUMP,,A,1996,,56277.813,6.793,77858.424,10.478,55627.428,8.475,10009.119,1.52
WLD,MEATCONSUMP,,A,1997,,57214.88,6.817,82007.807,10.887,59016.653,8.775,10376.742,1.554
WLD,MEATCONSUMP,,A,1998,,57299.196,6.734,87044.519,11.402,61460.458,9.069,10716.081,1.584
WLD,MEATCONSUMP,,A,1999,,58130.253,6.744,87046.045,11.253,64754.103,9.434,10890.098,1.589
WLD,MEATCONSUMP,,A,2000,,58775.737,6.731,89208.777,11.384,67720.422,9.75,11392.468,1.64
WLD,MEATCONSUMP,,A,2001,,57627.333,6.516,90841.143,11.445,70257.268,9.986,11330.426,1.611
WLD,MEATCONSUMP,,A,2002,,59808.478,6.677,93168.45,11.59,73680.104,10.341,11448.29,1.607
WLD,MEATCONSUMP,,A,2003,,60689.037,6.691,94581.712,11.619,75381.538,10.448,11719.737,1.624
WLD,MEATCONSUMP,,A,2004,,61416.191,6.687,95504.653,11.587,77757.247,10.643,12168.288,1.666
WLD,MEATCONSUMP,,A,2005,,62534.418,6.724,97826.304,11.722,80664.222,10.904,12550.336,1.697
WLD,MEATCONSUMP,,A,2006,,64599.699,6.861,100494.07,11.893,83390.375,11.134,12708.691,1.697
WLD,MEATCONSUMP,,A,2007,,66169.507,6.941,99470.602,11.627,88141.947,11.624,13172.86,1.737
WLD,MEATCONSUMP,,A,2008,,65333.043,6.77,103374.22,11.935,92614.253,12.064,13036.892,1.698
WLD,MEATCONSUMP,,A,2009,,64826.857,6.635,106238.14,12.116,94530.263,12.163,13100.363,1.686
WLD,MEATCONSUMP,,A,2010,,65015.786,6.574,108701.86,12.247,100185.19,12.734,13169.637,1.674
WLD,MEATCONSUMP,,A,2011,,64568.177,6.449,109587.63,12.197,104217.55,13.087,13253.671,1.664
WLD,MEATCONSUMP,,A,2012,,65185.452,6.433,113120.04,12.439,107200.71,13.299,13291.246,1.649
WLD,MEATCONSUMP,,A,2013,,66372.181,6.472,115748.49,12.577,108859.65,13.344,13665.576,1.675
WLD,MEATCONSUMP,,A,2014,,66024.414,6.362,118492.12,12.723,111663.66,13.527,14019.929,1.698
WLD,MEATCONSUMP,,A,2015,,66223.268,6.308,119015.49,12.632,115883.84,13.876,14502.443,1.737
WLD,MEATCONSUMP,,A,2016,,67505.862,6.357,118505.67,12.435,119117.55,14.101,14644.143,1.734
WLD,MEATCONSUMP,,A,2017,,68461.965,6.375,119446.18,12.394,120704.57,14.13,14891.121,1.743
WLD,MEATCONSUMP,,A,2018,,69499.688,6.401,120114.95,12.327,123795.16,14.334,15068.615,1.745
WLD,MEATCONSUMP,,A,2019,,70474.255,6.421,109244.95,11.091,128757.96,14.748,15278.749,1.75
ZAF,MEATCONSUMP,,A,1990,,719,13.4,130.149,2.703,556.058,13.028,168.477,3.947
ZAF,MEATCONSUMP,,A,1991,,741,13.495,113.43,2.302,525.333,12.027,169.023,3.87
ZAF,MEATCONSUMP,,A,1992,,718,12.769,129.246,2.561,535.321,11.969,178.516,3.991
ZAF,MEATCONSUMP,,A,1993,,663,11.516,122.124,2.364,546.669,11.937,164.846,3.6
ZAF,MEATCONSUMP,,A,1994,,587,9.969,122.472,2.318,628.9,13.427,196.4,4.193
ZAF,MEATCONSUMP,,A,1995,,591,9.829,138.541,2.568,709.422,14.833,155.765,3.257
ZAF,MEATCONSUMP,,A,1996,,573,9.35,135.016,2.455,710.258,14.57,164.285,3.37
ZAF,MEATCONSUMP,,A,1997,,560,8.979,129.949,2.322,780.825,15.739,163.139,3.288
ZAF,MEATCONSUMP,,A,1998,,560,8.834,124.446,2.188,725.003,14.379,161.125,3.196
ZAF,MEATCONSUMP,,A,1999,,671,10.424,132.945,2.301,800.037,15.625,186.285,3.638
ZAF,MEATCONSUMP,,A,2000,,618.52,9.468,122.561,2.091,894.465,17.213,164.066,3.157
ZAF,MEATCONSUMP,,A,2001,,604.293,9.119,124.711,2.097,953.234,18.084,146.713,2.783
ZAF,MEATCONSUMP,,A,2002,,611.888,9.108,124.375,2.063,1003.441,18.777,145.494,2.723
ZAF,MEATCONSUMP,,A,2003,,638.899,9.386,171.154,2.802,1046.535,19.328,143.83,2.656
ZAF,MEATCONSUMP,,A,2004,,691.573,10.034,185.856,3.005,1084.411,19.779,166.946,3.045
ZAF,MEATCONSUMP,,A,2005,,765.158,10.971,175.83,2.809,1162.906,20.962,166.949,3.009
ZAF,MEATCONSUMP,,A,2006,,849.466,12.046,207.528,3.279,1262.309,22.503,178.666,3.185
ZAF,MEATCONSUMP,,A,2007,,847.365,11.89,214.933,3.361,1399.705,24.691,208.12,3.671
ZAF,MEATCONSUMP,,A,2008,,799.331,11.099,197.928,3.062,1547.519,27.014,198.552,3.466
ZAF,MEATCONSUMP,,A,2009,,807.91,11.095,215.557,3.299,1598.91,27.605,185.295,3.199
ZAF,MEATCONSUMP,,A,2010,,891.885,12.103,232.727,3.519,1671.001,28.506,175.008,2.986
ZAF,MEATCONSUMP,,A,2011,,874.988,11.719,239.887,3.58,1772.399,29.843,163.417,2.752
ZAF,MEATCONSUMP,,A,2012,,880.904,11.635,248.249,3.654,1829.434,30.377,171.925,2.855
ZAF,MEATCONSUMP,,A,2013,,950.284,12.372,242.133,3.513,2009.806,32.894,192.734,3.154
ZAF,MEATCONSUMP,,A,2014,,980.541,12.585,235.312,3.365,2113.786,34.106,202.84,3.273
ZAF,MEATCONSUMP,,A,2015,,1034.663,13.099,249.715,3.523,2131.448,33.924,188.406,2.999
ZAF,MEATCONSUMP,,A,2016,,1050.826,13.132,248.023,3.454,2161.028,33.95,188.225,2.957
ZAF,MEATCONSUMP,,A,2017,,977.709,12.067,246.33,3.388,2150.789,33.371,172.697,2.68
ZAF,MEATCONSUMP,,A,2018,,963.511,11.751,272.1,3.698,2266.658,34.751,171.621,2.631
ZAF,MEATCONSUMP,,A,2019,,924.244,11.142,274.399,3.686,2257.916,34.22,170.9,2.59
